x_Raw,y_Raw,z_Raw,x_Gravity,y_Gravity,z_Gravity,x_Linear,y_Linear,z_Linear,x_Gyroscope,y_Gyroscope,z_Gyroscope,x_Geomagnetic,y_Geomagnetic,z_Geomagnetic,rotationMatirx0,rotationMatirx1,rotationMatirx2,rotationMatirx3,rotationMatirx4,rotationMatirx5,RrotationMatirx,rotationMatirx7,rotationMatirx8
0.23114233,-9.661096,-0.6844533,0.03803091,-9.797983,-0.4104532,-0.08942797,0.08258915,-0.3735862,0.014108083,-0.0013182637,-0.018335847,7.5482674,-33.595642,7.761051,-0.83121425,-0.05905122,0.5528071,0.5554399,-0.04553541,0.8303089,-0.023858452,0.99721587,0.070649095
-0.029964823,-9.783265,-0.49041954,0.05354998,-9.797874,-0.41130602,0.22089526,-0.055042267,-0.09490195,0.06311021,-2.5300018E-4,0.01468732,7.4732666,-33.6519,7.461052,-0.769825,-0.029602414,0.6375683,0.63824785,-0.040491857,0.76876545,0.00305901,0.99874127,0.050065313
-0.03954674,-9.816802,-0.29638577,0.050237842,-9.7992525,-0.37751874,0.1260063,0.058846474,-0.28446636,0.15046182,-2.5300018E-4,0.013622058,7.304516,-33.689392,7.5173016,-0.7536684,-0.016801007,0.65703994,0.65724236,-0.025389612,0.75325143,0.0040266076,0.99953645,0.030177686
0.20958303,-9.634746,0.26176074,0.041260775,-9.801803,-0.3055389,-0.15969539,0.03493023,0.5756751,0.025825983,0.0018775269,-0.018335847,6.854515,-33.970642,7.742302,-0.74447924,0.0019442613,0.6676428,0.6672916,0.034728415,0.7439865,-0.021739671,0.9993949,-0.027151972
0.17844181,-9.651514,-1.1898992,0.047203142,-9.802314,-0.28776935,-0.13685985,-0.06218815,0.01414904,0.0045207115,-0.0023835273,8.388953E-4,6.8920174,-33.801895,8.023552,-0.8870144,-0.072617576,0.4559959,0.46137723,-0.10015079,0.88153327,-0.018346462,0.9923187,0.12233928
0.19521014,-9.773684,-0.18619376,0.04576266,-9.801693,-0.3083633,-0.099465534,0.106152534,-0.45899677,0.16644076,-2.5300018E-4,-0.0044874223,6.967018,-33.67064,8.154802,-0.8294585,-0.036638662,0.5573654,0.5584057,-0.030311346,0.8290141,-0.01347947,0.9988688,0.04560124
0.089809105,-9.730565,-0.3706456,0.048757017,-9.804188,-0.21420775,0.041286014,0.12959003,-0.16225655,0.22396499,-2.5300018E-4,0.028535748,6.967018,-33.801895,8.379801,-0.82334316,-0.029188747,0.56679285,0.56746906,-0.026110541,0.82298076,-0.009222508,0.99923295,0.038061645
0.35091627,-9.663491,0.33841604,0.029509231,-9.806339,-0.07225513,-0.27492034,0.07730484,0.4198937,0.14087445,8.1226334E-4,-0.020466374,6.8170166,-33.85814,9.054802,-0.81532526,-0.009333317,0.57892793,0.5778662,0.04951274,0.81462824,-0.036267493,0.99872994,-0.03497558
-0.21920763,-9.804825,0.508495,0.045206167,-9.806545,0.0028523272,0.14305174,-0.032312393,0.52961224,0.0023901847,0.0018775269,0.0029694224,6.7232666,-33.52063,9.092302,-0.7093261,0.052313976,0.70293653,0.70452696,0.021037702,0.7093653,0.022321548,0.99840903,-0.051779196
0.12813675,-9.8599205,-0.3586682,0.054578807,-9.806498,-0.0040365714,0.4643232,0.012042999,-0.58941096,0.12383024,-0.0023835273,0.010426267,6.573265,-33.276886,8.811052,-0.85226977,-0.030072963,0.52223736,0.52294135,-0.024197595,0.8520252,-0.012986035,0.9992548,0.036349274
0.17365085,-9.625164,-0.17900732,0.049709667,-9.806467,0.033618886,-0.20397733,0.026602745,-0.1333982,0.18135446,-0.0034487909,-0.019401113,6.479515,-33.239395,8.904804,-0.8506101,-0.025113676,0.525197,0.5254877,-0.006342129,0.8507776,-0.018035285,0.9996645,0.018591607
0.16167346,-9.68026,0.40309396,0.054490346,-9.80538,0.14806624,-0.24225947,-0.038567543,0.04024248,0.24953133,8.1226334E-4,-0.035380065,6.7045135,-33.389404,9.242304,-0.7873524,0.012516555,0.6163761,0.61627734,0.043037027,0.7863523,-0.016684571,0.99899507,-0.041598976
-0.19285737,-9.732961,0.6378508,0.077937864,-9.803043,0.2542605,0.39559987,0.041973114,0.19103128,0.15791866,0.004008054,0.010426267,6.8920135,-33.708145,10.011055,-0.71687704,0.05972792,0.69463646,0.69691926,0.03313892,0.7163835,0.019768594,0.9976645,-0.06538207
0.18562825,-9.740147,0.6378508,0.06138052,-9.799121,0.37926376,-0.011931282,0.11596203,0.3590463,0.06950179,8.1226334E-4,-0.0012916317,7.0607605,-33.558136,10.161055,-0.77818865,0.026260972,0.6274814,0.6277428,0.06277381,0.77588564,-0.019013882,0.9976822,-0.06533499
0.03950405,-9.694633,0.19229186,0.06816712,-9.7973175,0.42225945,0.05077268,0.0425663,0.14850712,-0.0071971873,-0.0087751085,-0.014074794,6.9857597,-33.501877,10.592304,-0.8230906,0.007909373,0.5678549,0.5678953,0.018635998,0.8228896,-0.004074002,0.999795,-0.019830812
-0.06829248,-9.785661,0.27852908,0.070087776,-9.797697,0.41303188,-0.1260162,-0.09950733,-0.14420152,0.033282828,-0.04925512,-0.044967435,6.7795105,-33.370636,10.761055,-0.8133608,0.022222837,0.581335,0.58171785,0.01908544,0.81316686,0.0069758375,0.9995709,-0.028450768
-0.45396453,-9.869503,0.89895797,0.018553559,-9.796256,0.4510063,-0.27598798,-0.11691475,0.25636947,-0.028502457,-0.18880463,0.081798926,6.8732567,-33.67064,10.779806,-0.6721452,0.09776662,0.7339363,0.73900396,0.027321443,0.6731467,0.045759086,0.9948342,-0.0906139
-0.1784845,-9.617977,0.42465326,-0.027433358,-9.796334,0.44884923,-0.17035149,0.0242033,0.26309973,-0.12437618,-0.26230782,0.07327682,6.723255,-33.783142,10.742306,-0.77726656,0.042140856,0.62775874,0.6288985,0.022642385,0.7771578,0.018536137,0.9988551,-0.044101484
-0.27430362,-9.9126215,0.2665517,-0.07407857,-9.798953,0.3813346,-0.12869084,-0.17410469,-0.06038302,-0.066851944,-0.2218278,0.09351683,6.892002,-33.80188,10.798557,-0.78354245,0.03835831,0.6201532,0.6207227,0.0039056782,0.7840205,0.027651578,0.9992564,-0.026870135
-0.123388484,-9.826384,0.32883415,-0.13557552,-9.798961,0.3638399,-0.10769169,-0.05416107,0.10660869,0.029021773,-0.42848894,-0.07053375,7.4170074,-34.664383,10.273556,-0.75721085,0.03134098,0.65241814,0.65304995,0.017136352,0.7571209,0.0125488425,0.9993618,-0.033443056
-0.14255232,-9.7808695,0.24499238,-0.09022477,-9.798751,0.38305965,-0.052374706,-0.09743309,-0.15703085,0.098263904,-0.41783628,-0.09077376,7.3420067,-34.589386,10.254805,-0.767033,0.02723578,0.6410293,0.64144224,0.00986584,0.76710784,0.014568489,0.9995803,-0.025037605
-0.16171615,-9.553299,0.3647663,-0.046098642,-9.79698,0.43297023,-0.15163942,0.18867588,0.016480684,0.053522833,-0.46470788,-0.036445327,7.454506,-35.208145,10.217304,-0.7400583,0.038165342,0.6714589,0.6723299,0.016876057,0.7400591,0.016913034,0.9991288,-0.038148973
-0.029964823,-9.567673,0.36716178,-0.03436096,-9.796437,0.44611105,-0.05321449,0.20917034,-0.09417078,0.019434402,-0.49240473,-0.0044874223,8.092003,-35.63939,10.367304,-0.7387417,0.028155556,0.6734004,0.6739814,0.026220953,0.7382828,0.003129563,0.99925953,-0.03834683
-0.15213424,-9.591627,0.37913918,-0.022508811,-9.796614,0.44300038,0.049906336,0.2206459,-0.078088015,-0.02956772,-0.52542794,0.027470483,9.235752,-36.18315,11.061054,-0.7000307,0.039288092,0.7130313,0.7139369,0.016346594,0.7000191,0.015846783,0.9990941,-0.039492335
0.032317616,-9.658701,0.18031445,-0.02774813,-9.7975025,0.42256162,-0.05749362,0.072527885,-0.10055429,-0.048742466,-0.56803846,0.012556794,10.079506,-36.67064,10.929804,-0.7269292,0.010386221,0.68663394,0.6867043,0.015865346,0.72676367,-0.003345357,0.9998201,-0.018665245
0.12095033,-9.68026,0.2761336,-0.0094059585,-9.799059,0.38569322,0.10873411,-0.016160965,-0.23633772,0.009847029,-0.59680057,-0.0012916317,10.360756,-36.89563,10.779804,-0.70082074,0.011589142,0.7132432,0.713228,0.028888851,0.7003364,-0.012488479,0.9995154,-0.02851161
0.20479207,-9.773684,0.12042749,0.002467595,-9.799156,0.38329232,0.032262634,0.022109985,0.09432745,-0.06259089,-0.6426069,0.02640522,10.979507,-37.55188,10.273554,-0.63999856,0.022996124,0.7204608,0.7201784,0.02363383,0.6933863,-0.02094723,0.9997047,-0.0123179685
0.22395591,-9.771288,0.15875515,0.017725678,-9.80095,0.33385426,0.2231178,-0.021892548,-0.22555391,-0.016784558,-0.58401746,-0.0012916317,11.335762,-37.96437,10.123552,-0.6723798,-0.0033847224,0.74019855,0.73985165,0.027878426,0.67219216,-0.022910755,0.9996056,-0.0162407
0.32696146,-9.823989,0.15875515,0.054329377,-9.801425,0.3154463,0.30411074,-0.09780979,-0.24096924,0.05245757,-0.56377745,0.025339955,12.2170105,-38.958115,10.423552,-0.6676343,-0.010190384,0.7444197,0.74374616,0.035540354,0.66751677,-0.033259187,0.9993163,-0.016148899
0.29582024,-9.764102,0.28092456,0.06663197,-9.800906,0.3289342,0.18405247,-0.07392979,-0.015001118,0.03967441,-0.5201016,0.012556794,12.554512,-39.801865,9.936052,-0.6123794,0.0041920417,0.7905529,0.7899844,0.04153379,0.6117187,-0.03027031,0.9991284,-0.028746085
0.21197851,-9.51018,0.34799796,0.09492909,-9.80007,0.3464343,0.19429785,0.11606979,-0.022622049,0.033282828,-0.5605816,0.017883113,13.079514,-41.076874,10.011053,-0.5730707,0.017207336,0.8193253,0.8192034,0.039196394,0.5721622,-0.02226921,0.9990834,-0.03655861
0.19041921,-9.797638,0.36237082,0.099874526,-9.799755,0.3538573,0.07210212,0.06070137,0.07335141,-0.04235088,-0.55419004,0.02640522,13.323265,-41.86438,9.729803,-0.55009276,0.02018655,0.83485955,0.8348777,0.03653927,0.5492213,-0.019418275,0.9991283,-0.03695329
0.35810268,-9.639537,-0.011323828,0.11447809,-9.801395,0.29985657,0.20611757,0.060458183,-0.2826807,-0.055134043,-0.48388264,0.015752586,13.642014,-42.651886,10.161055,-0.6460605,-0.024896914,0.76287997,0.7623828,0.02756253,0.64653903,-0.037123732,0.99931,0.0011739169
0.23353781,-9.697028,0.20426923,0.13506213,-9.802418,0.25447094,0.13549563,0.04560566,-0.122412026,-0.012523505,-0.44340262,0.0072304765,14.3732605,-43.776886,10.236053,-0.57307124,0.0034613153,0.81949824,0.81915194,0.031791892,0.5726948,-0.024071123,0.9994885,-0.021054363
0.34372985,-9.723378,0.16354612,0.15710184,-9.802498,0.23822129,0.24306354,0.050632477,-0.15409023,0.020499665,-0.41144472,0.013622058,14.767014,-45.01439,10.236053,-0.5839821,-0.006990959,0.8117364,0.8109976,0.03848862,0.5837821,-0.03532381,0.99923456,-0.016807012
0.24551521,-9.735355,0.21385115,0.1643912,-9.802351,0.23931283,0.13520102,-0.03664112,-0.03303978,0.0045207115,-0.39653102,0.04131891,14.879509,-45.501892,10.198553,-0.5565524,0.0042141094,0.83080184,0.83043003,0.03315887,0.5561352,-0.025204834,0.99944115,-0.02195417
0.35570723,-9.735355,0.08928627,0.16021796,-9.802738,0.22594044,0.15606947,-0.021944046,-0.060556322,-0.010392978,-0.36670363,0.017883113,14.673264,-46.04564,10.086052,-0.5967947,-0.014447655,0.80226386,0.8015628,0.034761604,0.5968992,-0.036511775,0.9992912,-0.00916484
0.23114233,-9.840756,0.0964727,0.1709964,-9.802814,0.21448627,0.121365264,-0.08557987,-0.09957396,0.018369138,-0.38374785,0.01468732,14.898262,-46.795654,10.029802,-0.5699187,-0.005331124,0.8216837,0.8213654,0.024879001,0.5698593,-0.023480665,0.9996762,-0.009800209
0.28384286,-9.697028,0.28092456,0.1680285,-9.802701,0.22185953,0.023583934,-0.0094537735,0.09657271,0.010912293,-0.34113732,-0.0066179493,14.673264,-47.6019,9.917303,-0.5407911,0.008537643,0.8411136,0.8406484,0.040253025,0.5400834,-0.029246327,0.9991531,-0.028945634
0.058667883,-9.740147,0.48454022,0.18096504,-9.802173,0.23461118,0.18190715,0.047450066,0.018848032,0.018369138,-0.31983206,0.025339955,14.448257,-48.33316,9.336054,-0.43935326,0.041992966,0.8973323,0.8982942,0.02722712,0.43855003,-0.0060157576,0.9987468,-0.049684364
0.21916495,-9.716192,0.22343308,0.16007008,-9.802396,0.2404086,-0.1121886,0.020456314,0.22675656,-0.045546673,-0.38374785,0.039188385,14.298264,-48.501907,9.279804,-0.52589256,0.007696042,0.8505162,0.8502522,0.031262,0.5254464,-0.022544978,0.9994816,-0.02298403
0.058667883,-9.771288,0.28092456,0.16063017,-9.8028,0.22294717,0.006953776,-0.07034683,-0.048265293,0.014108083,-0.3070489,0.0029694224,14.054512,-48.6519,9.298555,-0.49770862,0.021939876,0.86706674,0.8673235,0.019506678,0.49736243,-0.006001522,0.999569,-0.028737612
0.051481448,-9.747334,0.24738786,0.1523774,-9.802869,0.22568266,-0.104645245,-0.0042915344,0.0016887039,-0.019980349,-0.34007207,0.018948374,14.298256,-49.12065,9.654806,-0.51372063,0.019056376,0.85774595,0.8579414,0.017562622,0.51344746,-0.005279819,0.9996641,-0.025371531
0.12095033,-9.728169,0.098868184,0.15319088,-9.803411,0.20017537,-0.08393742,-0.065644264,-0.07364541,-0.038089827,-0.3070489,-0.04922849,14.354507,-49.551895,9.861057,-0.56293976,0.0014007243,0.8264968,0.8264045,0.015994975,0.5628498,-0.012431397,0.99987113,-0.010161772
0.21197851,-9.639537,0.103659146,0.1722569,-9.803476,0.18050924,0.06008683,0.10514736,-0.16661933,0.036478616,-0.35178995,0.023209428,14.242012,-49.833145,9.9735565,-0.5831778,-0.004088919,0.81233424,0.81204706,0.024127658,0.58309305,-0.021983942,0.99970055,-0.01075032
0.16646442,-9.699424,0.29050648,0.16301934,-9.80324,0.20074207,-0.06240022,0.017985344,0.11762698,0.033282828,-0.32196257,-2.263682E-4,14.410759,-50.2269,9.898556,-0.52659625,0.016419373,0.8499569,0.84994245,0.030341176,0.52600116,-0.017152084,0.9994047,-0.029933073
0.05387692,-9.747334,0.27852908,0.16431756,-9.802553,0.2309286,-0.03250122,-0.0046157837,0.07335989,0.043935463,-0.28787413,0.024274694,14.429504,-50.62065,9.936056,-0.51436406,0.02165415,0.85729843,0.857554,0.019428264,0.5140267,-0.00552501,0.9995767,-0.028562805
0.08501814,-9.7808695,0.2210376,0.15021458,-9.802415,0.24597214,-0.07843125,-0.050326347,-0.054212213,0.048196517,-0.27615625,0.028535748,14.448257,-50.80815,10.273556,-0.5458179,0.014188642,0.83778363,0.8378587,0.019611433,0.5455347,-0.008689742,0.999707,-0.02259235
0.08501814,-9.735355,0.09168175,0.13447821,-9.8022,0.26304266,-0.082028575,-0.001332283,-0.03292483,0.019434402,-0.26763412,0.012556794,14.185753,-50.88315,10.611055,-0.593449,0.0023972185,0.804868,0.8048242,0.01261656,0.59337914,-0.008732206,0.9999175,-0.009416624
0.010758311,-9.768892,0.21145567,0.12738028,-9.802364,0.26042792,-0.05584161,-0.05923462,-0.1573377,0.0311523,-0.27082992,0.0093610035,14.242004,-50.864395,10.8173065,-0.5650001,0.017233646,0.8249108,0.82509005,0.013135264,0.5648485,-0.0011010239,0.99976516,-0.021640735
0.16646442,-9.732961,0.29529744,0.13305552,-9.802185,0.26427427,0.058354437,0.099243164,-0.010127634,-0.015719295,-0.25911203,-0.03111901,14.485756,-50.845642,11.248558,-0.5803863,0.014776557,0.81420726,0.8141619,0.031515297,0.579782,-0.0170928,0.999394,-0.030321555
0.21197851,-9.658701,0.20666471,0.15288399,-9.802095,0.2567604,0.055381,-0.1077404,-0.0075630248,-0.021045612,-0.22928464,-0.046032704,14.335754,-50.995636,11.361059,-0.6174149,0.0032809936,0.7866308,0.7863317,0.030460466,0.6170531,-0.021936595,0.9995306,-0.021386696
0.14250962,-9.70661,0.37434822,0.17697163,-9.8019905,0.24506864,-0.006657213,0.1010561,0.059429407,-0.028502457,-0.26763412,-0.015140058,14.092003,-51.220642,11.39856,-0.57680404,0.02302317,0.816558,0.8167508,0.03420457,0.57597584,-0.014669226,0.9991497,-0.038533527
0.23593329,-9.764102,0.14917323,0.199265,-9.802029,0.22563109,-0.033905268,0.0024023056,0.05189234,-0.027437193,-0.23567623,-0.04922849,13.454498,-51.595627,11.229809,-0.6499866,-0.004095778,0.75993454,0.75956166,0.028281314,0.6498201,-0.02415347,0.9995916,-0.015271482
0.20958303,-9.814406,0.1659416,0.21970361,-9.801913,0.2112132,-0.013234302,-0.1256504,-0.050845623,-0.0061319238,-0.22821939,-0.023662167,13.454498,-51.539383,11.079809,-0.6369924,-5.6889775E-4,0.77087,0.7705747,0.027221793,0.63676846,-0.021346716,0.9996294,-0.016901694
0.2479107,-9.809616,0.17312801,0.22986856,-9.801886,0.20145074,0.0364421,-0.065327644,-0.014915392,-0.0050666602,-0.19519621,-0.011944267,13.529503,-51.52063,11.379808,-0.65042484,-0.0030322648,0.7595646,0.7591505,0.030660536,0.6501926,-0.025260214,0.99952525,-0.017640427
0.23353781,-9.709005,0.20666471,0.23879574,-9.801744,0.1979003,0.04666747,-0.014493942,-0.06415254,0.025825983,-0.19093516,-0.010879003,13.529503,-51.689392,11.136059,-0.6326131,0.0012685024,0.77446693,0.77409476,0.032078005,0.63225657,-0.024041334,0.9994846,-0.021274908
0.17604633,-9.735355,0.28571552,0.23986831,-9.801365,0.21469225,-0.07178277,-0.031373024,0.05810137,0.018369138,-0.19093516,8.388953E-4,13.417007,-51.76439,11.042311,-0.606554,0.012361833,0.79494613,0.79483676,0.032157354,0.6059705,-0.01807246,0.99940634,-0.029330814
0.101786494,-9.749728,0.19708282,0.23897883,-9.801236,0.22147454,-0.056502953,0.027422905,0.025036395,0.022630192,-0.18880463,-0.0012916317,13.042007,-51.651886,11.004812,-0.6230838,0.009304559,0.78209984,0.7820856,0.020754829,0.6228255,-0.0104372315,0.9997414,-0.020208957
0.116159365,-9.63235,0.42704874,0.22241676,-9.801062,0.2451623,-0.15983309,0.020271301,0.11169788,0.047131255,-0.2516552,-0.010879003,13.454514,-51.820633,11.2110615,-0.5703269,0.029516168,0.82088727,0.8213293,0.035147592,0.56937027,-0.012046587,0.9989461,-0.044288117
0.19041921,-9.778475,0.37434822,0.23094724,-9.799989,0.2779715,-0.06758976,-0.01880455,0.1798499,-8.056059E-4,-0.24739413,-0.028988486,13.435768,-51.933136,11.436062,-0.6051938,0.018682655,0.795859,0.7958405,0.038630955,0.6042729,-0.019455368,0.9990789,-0.038247623
0.4060123,-9.759311,0.18031445,0.24534802,-9.799672,0.2767987,0.114497915,-0.0029172897,-0.09451753,0.02476072,-0.23993728,-0.007683213,13.717018,-52.083145,11.361063,-0.6690249,-0.014103409,0.7431062,0.7420772,0.043231353,0.66891897,-0.04155952,0.99896556,-0.018457033
0.44673544,-9.735355,0.18031445,0.2677679,-9.799061,0.277676,0.20941266,-0.09430504,-0.11715853,0.021564929,-0.19519621,0.00829574,13.417015,-51.8394,11.323563,-0.6843617,-0.017903127,0.7289229,0.72770095,0.046067886,0.6843459,-0.045831867,0.9987779,-0.018498974
0.45871282,-9.682655,0.13719586,0.2787756,-9.798796,0.27618393,0.20090368,0.036010742,-0.15397057,0.032217562,-0.14193304,0.02001364,13.548271,-52.139404,11.586063,-0.69943625,-0.023014145,0.7143244,0.7131271,0.04369799,0.6996717,-0.047316883,0.9987797,-0.0141519485
0.38445294,-9.675468,0.18031445,0.28395805,-9.79857,0.27888927,0.11450106,0.07705021,-0.11095515,0.020499665,-0.12701935,0.030666275,13.398277,-52.383163,11.886065,-0.6939727,-0.014159346,0.7198621,0.7189061,0.041496687,0.6938673,-0.039696597,0.9990382,-0.018618327
0.3221705,-9.603604,0.29050648,0.2796568,-9.798647,0.28053653,0.09254876,0.07984829,-0.045389444,0.011977556,-0.10677935,0.023209428,13.473282,-52.233154,12.279814,-0.6680142,1.00537574E-4,0.74414855,0.7433936,0.045125067,0.6673304,-0.03351266,0.99898136,-0.030218922
0.3461253,-9.697028,0.29050648,0.273545,-9.7986965,0.2847925,0.04375425,0.05466938,0.008124322,0.023695456,-0.09506145,0.022144167,13.098282,-51.9144,12.167315,-0.6863315,-0.002709699,0.7272838,0.72641426,0.04647053,0.6856841,-0.035655264,0.9989159,-0.029925823
0.3820575,-9.802429,0.288111,0.2750718,-9.79833,0.29571325,0.06516385,-0.056664467,0.021766305,0.018369138,-0.06310354,0.013622058,12.910782,-51.576904,12.354815,-0.7050831,-0.006639634,0.70909375,0.7080555,0.048303634,0.704503,-0.038929444,0.9988107,-0.02935684
0.35331172,-9.819198,0.3647663,0.2761547,-9.798,0.30547535,0.098395556,-0.07564354,0.040026635,0.010912293,-0.010905636,0.015752586,12.742035,-51.74565,12.054815,-0.68151593,0.002662929,0.7317984,0.7309205,0.051579587,0.6805107,-0.035933707,0.9986654,-0.037098702
0.35810268,-9.725774,0.38153467,0.27675554,-9.797732,0.31342444,0.1144467,0.012210846,0.015232027,0.01304282,0.022117533,0.013622058,12.967033,-51.876892,11.886065,-0.6652081,0.004797283,0.7466427,0.7457524,0.053509578,0.6640711,-0.036766794,0.99855584,-0.039172582
0.3700801,-9.888666,0.39590752,0.27943823,-9.7973385,0.32321316,0.09490678,-0.10417271,0.034133554,0.027956508,0.040227015,0.0019041589,13.0982895,-52.008133,11.642315,-0.6508313,0.006038493,0.75919837,0.7583021,0.054388136,0.6496303,-0.037368596,0.9985015,-0.0399765
0.3676846,-10.075514,0.30727482,0.28527805,-9.796407,0.345563,0.102840036,-0.291564,-0.0032135844,0.056718625,0.08922914,-0.014074794,12.8170395,-51.83937,11.567314,-0.6746772,-0.0021106421,0.73811,0.73721236,0.04745788,0.67399246,-0.03645169,0.998871,-0.030462755
0.25988805,-10.226429,0.4677719,0.2923789,-9.795208,0.3725681,-0.010327131,-0.3652315,0.01692313,0.1216997,0.0902944,-0.035380065,12.592041,-51.708115,11.567314,-0.63207686,0.01937105,0.77466357,0.77449,0.048532538,0.6307217,-0.02537865,0.99863374,-0.045678973
0.22395591,-10.372553,0.8127208,0.3213616,-9.789904,0.4742282,-0.13921304,-0.5592022,0.47822583,0.076958634,0.1137302,-0.14190641,12.554543,-51.23935,11.961065,-0.5694386,0.051985055,0.82038856,0.82175225,0.062125564,0.56644845,-0.021520248,0.99671364,-0.07809552
0.32696146,-10.315062,0.563591,0.3686052,-9.785818,0.52181035,-0.106556,-0.5241051,0.13627243,0.1387439,0.08283756,-0.16214642,12.854546,-50.3956,12.467316,-0.65768534,0.020296255,0.7530192,0.75262815,0.059684258,0.6557351,-0.03163443,0.99801093,-0.054529
0.4275716,-10.041977,0.75043833,0.45155323,-9.775511,0.63707465,-0.08167383,-0.28296852,-0.04698944,0.3145124,0.09455546,-0.168538,13.042046,-49.96434,12.729816,-0.63572353,0.030572077,0.77131116,0.7707502,0.080053374,0.6320882,-0.04242181,0.9963216,-0.074455254
0.47548115,-10.049164,0.9253083,0.523842,-9.756967,0.83521575,-0.11484176,-0.1502161,0.06999719,0.31344715,0.10307757,-0.13551483,13.135796,-49.008102,13.236067,-0.62720644,0.041934725,0.7777233,0.7774298,0.09404775,0.6218987,-0.047063973,0.99468416,-0.09158866
0.5736958,-9.843152,0.86302584,0.5689284,-9.7433605,0.9558377,-0.029205918,-0.07464218,-0.086455226,0.31877345,0.12970915,-0.13551483,13.135796,-47.82686,14.192316,-0.6946887,0.022547498,0.718957,0.7169713,0.10224716,0.68956333,-0.057963386,0.99450344,-0.087195866
0.5281817,-9.8862705,1.124133,0.6287794,-9.719633,1.1418148,-0.17115945,-3.2901764E-4,0.0056113005,0.29640293,0.108403884,-0.16427694,12.685799,-46.289368,15.448566,-0.7055044,0.04274558,0.7074153,0.7067204,0.11709418,0.69773597,-0.05300908,0.99220055,-0.11281963
0.68867874,-9.88148,1.1456923,0.6879876,-9.70181,1.2537712,-0.032614768,-0.12445831,-0.20177543,0.3635145,0.08070703,-0.20156117,12.892044,-45.18312,16.498566,-0.7560015,0.023156868,0.6541602,0.6509161,0.13204163,0.7475782,-0.0690648,0.9909736,-0.11489684
0.8036617,-9.7808695,1.4810593,0.7950045,-9.664396,1.4621264,-0.07414287,-0.021862984,-0.08262563,0.38801557,0.059401754,-0.21540959,13.360786,-44.508118,17.398565,-0.7388395,0.041143525,0.67262435,0.6689989,0.1647188,0.7247815,-0.080973804,0.98548204,-0.14922573
1.0024865,-9.459876,1.5409464,0.8757178,-9.634521,1.6060896,0.036325276,0.1754198,-0.1626929,0.40079874,0.08922914,-0.2122138,13.7545395,-43.176865,18.711065,-0.8014292,0.003876418,0.5980772,0.5887144,0.18147571,0.7877068,-0.105482996,0.98338777,-0.14772202
1.0575825,-9.359265,1.7661213,0.9889923,-9.583458,1.8301944,0.010749698,0.30126,-0.13754678,0.39121136,0.09349019,-0.17919064,14.092041,-42.576874,19.142313,-0.7669442,0.034257136,0.64079875,0.6321528,0.21206492,0.7452592,-0.110360496,0.97665495,-0.1842977
1.0719553,-9.308961,1.8571495,1.0769781,-9.530671,2.0437212,0.037934422,0.2362442,-0.2986443,0.40079874,0.13077442,-0.13444957,14.635796,-40.795624,20.379812,-0.7758433,0.03632098,0.6298793,0.6208664,0.22151336,0.75196856,-0.11221443,0.9744807,-0.19441013
1.0144638,-9.388011,2.1230476,1.1132655,-9.494145,2.1891153,-0.07084763,0.18728065,-0.19681954,0.38055873,0.17338496,-0.14190641,14.748299,-39.74562,21.336061,-0.7616847,0.063516885,0.64482707,0.63941354,0.23467195,0.7321744,-0.10481741,0.9699972,-0.21935959
1.0264412,-9.33052,2.2140756,1.1698444,-9.437118,2.3963857,-0.103474975,0.19940758,-0.21759129,0.36244926,0.1403618,-0.17812537,14.654549,-38.33937,22.573565,-0.78927034,0.05822595,0.611279,0.6047522,0.2462515,0.757387,-0.10642881,0.96745545,-0.22957128
1.0767462,-9.213141,2.5039287,1.2241286,-9.392723,2.5394206,-0.2319752,0.04801941,-0.14981627,0.36244926,0.15314496,-0.22073591,14.523293,-37.87062,23.473566,-0.79176784,0.072306305,0.6065274,0.60045326,0.27431765,0.7511362,-0.11206928,0.95891684,-0.26061246
1.1677744,-9.177209,2.7937815,1.318725,-9.321092,2.7474697,-0.18493891,0.2430582,0.023611307,0.29853344,0.12970915,-0.20582223,14.917046,-36.98938,24.298567,-0.7843149,0.08717865,0.61420685,0.6084801,0.3009627,0.7342843,-0.12083942,0.9496428,-0.289096
1.2971303,-9.186791,2.7386854,1.3799287,-9.27673,2.8650444,-0.09989822,0.13941193,-0.15837121,0.3262303,0.18936391,-0.20156117,15.160797,-36.539383,24.598566,-0.80625606,0.06155587,0.5883553,0.57616955,0.3071484,0.75742227,-0.13408862,0.94966877,-0.2831069
1.3378534,-9.225119,3.0596795,1.4550439,-9.203736,3.0568743,-0.13169599,0.0041894913,-0.21091247,0.34220925,0.14994916,-0.14297168,15.404549,-36.033127,24.879816,-0.78246087,0.09084534,0.6160375,0.60758543,0.3280268,0.72335225,-0.1363636,0.94029015,-0.31186444
1.3546218,-8.930475,3.1459167,1.5082759,-9.129149,3.2487109,-0.24236059,0.086660385,-0.04103923,0.30705556,0.1808418,-0.19090854,15.292046,-35.18936,25.723566,-0.7980162,0.088918276,0.5960401,0.5857579,0.34688705,0.73250055,-0.1416259,0.93368244,-0.32890603
1.4839777,-8.858611,3.3998375,1.5501437,-9.077595,3.3711607,-0.10903466,0.20759296,-0.07659888,0.29533765,0.15847127,-0.15042852,15.329544,-34.551865,26.49232,-0.8079429,0.08825585,0.5826141,0.5686412,0.3760387,0.73160255,-0.15451725,0.9223914,-0.35400367
1.5127233,-8.607085,3.3663008,1.5965673,-9.008461,3.5311449,-0.114011645,0.4022131,-0.13205695,0.244205,0.14675337,-0.1333843,15.4420395,-33.314377,27.861067,-0.83807415,0.06457719,0.5417209,0.52109474,0.38875645,0.7598216,-0.16153038,0.9190747,-0.35945755
1.5821923,-8.501684,3.4956567,1.6204144,-8.966453,3.6259317,-0.09403324,0.38009262,-0.17738914,0.23887867,0.12757863,-0.097165346,15.573288,-32.639374,28.198568,-0.83939743,0.06562965,0.5395411,0.5163705,0.40610218,0.75395125,-0.16962728,0.9114679,-0.37477034
1.4288816,-8.949638,3.3686962,1.6421014,-8.909525,3.7542322,-0.12032664,0.23003864,-0.21358895,0.2207692,0.107338615,-0.106752716,15.498291,-31.608124,28.573565,-0.8455664,0.06447935,0.5299621,0.51300853,0.37292182,0.77314395,-0.14778261,0.92561966,-0.34840864
1.7259209,-8.875379,3.481284,1.6510999,-8.880355,3.8188434,-0.24095392,-0.21382713,-0.4699664,0.29214185,0.14568812,-0.13764536,15.648285,-30.858124,28.66731,-0.86532587,0.028014783,0.50042623,0.4684849,0.40006912,0.787697,-0.17813791,0.9160567,-0.35931462
1.7091526,-8.793933,3.668131,1.6830676,-8.801408,3.9840791,0.081100106,-0.002781868,-0.42696857,0.4753672,0.15740602,-0.12060115,15.592033,-30.445633,29.26731,-0.8627686,0.042466417,0.50381243,0.4737694,0.41587657,0.7762662,-0.17655852,0.908429,-0.37892452
1.8888135,-8.144758,4.496967,1.712576,-8.664146,4.262633,-0.024738908,0.11675453,-0.13640594,0.5552619,0.23197445,-0.1014264,15.367035,-29.77063,29.848555,-0.85031193,0.08225658,0.5198109,0.49009025,0.48369986,0.7251523,-0.19178392,0.87136,-0.451609
1.610938,-8.022589,4.6957917,1.7112094,-8.55384,4.480399,0.10076773,0.49144554,0.18251514,0.5499356,0.26180184,-0.084382184,15.57328,-29.283127,30.542303,-0.7974229,0.17745428,0.576738,0.57875776,0.49538192,0.6477933,-0.17075187,0.8503568,-0.49773192
1.7019662,-8.139967,5.0455317,1.6916302,-8.389513,4.7879896,-0.03032422,0.08673096,0.16746235,0.4998682,0.29162923,-0.20475696,15.273285,-28.30812,31.817305,-0.82518494,0.16274537,0.54091007,0.5370788,0.52268374,0.66207856,-0.17497467,0.8368486,-0.5187179
1.5750058,-7.9794703,5.244356,1.7077769,-8.277323,4.9739146,-0.08220625,0.19984627,0.17693615,0.48708507,0.2042776,-0.19090854,15.535782,-27.389359,32.642303,-0.80454785,0.20703305,0.55663294,0.5711533,0.5265807,0.62967986,-0.16274762,0.8245302,-0.5419069
1.6684295,-7.8405323,5.4455767,1.734982,-8.1164,5.2234344,-0.03716147,0.23041916,0.14753199,0.41464716,0.13929653,-0.115274824,15.160774,-25.814362,33.561058,-0.83639926,0.18128599,0.51727337,0.5203799,0.5590563,0.6454929,-0.17216606,0.80906844,-0.5619318
1.6636385,-7.670453,5.768966,1.7489846,-7.974685,5.432849,-0.1164664,0.24529743,0.27425337,0.38481978,0.09455546,-0.105687454,14.954521,-24.820602,34.08606,-0.83107346,0.20775904,0.5159004,0.52929,0.5803082,0.61894625,-0.17078954,0.7874506,-0.5922435
1.5534465,-7.6512895,5.8264575,1.765205,-7.8826737,5.5603867,-0.12212026,0.054749012,0.22995234,0.38481978,0.07751124,-0.14616747,14.823265,-24.201859,34.442314,-0.82904524,0.22237544,0.5130624,0.5359626,0.5776552,0.61567736,-0.15946166,0.7854067,-0.59808725
1.8145536,-7.4907923,5.8959265,1.8150351,-7.735155,5.74834,8.586645E-4,0.13553333,0.11270857,0.38375452,0.058336493,-0.1451022,14.692017,-23.939362,34.89231,-0.86239004,0.16719726,0.4778372,0.47044396,0.6133228,0.63444275,-0.18699136,0.7719328,-0.6075805
1.8720452,-7.5099564,5.768966,1.8428775,-7.635557,5.8713255,-0.08657014,0.16294384,0.07951975,0.39440715,0.03916175,-0.09823061,15.254524,-23.283112,35.604813,-0.8736361,0.14016023,0.46595582,0.44626355,0.61246485,0.6524841,-0.19392928,0.77797294,-0.5976199
1.8696496,-7.2656174,6.0707965,1.8590355,-7.4738555,6.0709033,0.1060369,-0.020377636,-0.16350794,0.4924114,0.119056515,-0.07266428,15.367027,-22.045609,36.48607,-0.862344,0.17506155,0.47509605,0.4677949,0.63448954,0.61529744,-0.19372854,0.7528456,-0.62904114
1.8816271,-7.002115,6.1618247,1.8520607,-7.3444977,6.2288523,0.01500392,0.19023705,-0.046546936,0.54034823,0.12331758,-0.09290429,15.442032,-20.939362,36.879814,-0.86951756,0.17332903,0.4624892,0.45258585,0.65453964,0.6055939,-0.19775051,0.7358906,-0.64757997
1.7882034,-6.8392224,6.5522876,1.8513647,-7.11328,6.491848,0.0019057989,0.17901134,0.07627106,0.55845773,0.18510287,-0.12592746,15.254532,-19.889374,37.36731,-0.8539138,0.22589497,0.46883133,0.4862229,0.6674588,0.5639914,-0.18552274,0.70955646,-0.6797875
1.7905989,-6.302635,6.743926,1.827864,-6.8660665,6.7591734,-0.05211413,0.25430918,-0.19604778,0.6266346,0.1318397,-0.08651271,15.10453,-19.045624,37.46106,-0.8372881,0.270534,0.47514218,0.5125263,0.69101715,0.5097179,-0.1904354,0.6703035,-0.7172361
1.8983954,-6.096624,6.894841,1.8145299,-6.6858788,6.9409575,0.15245914,0.39415264,-0.23445225,0.6724409,0.120121785,-0.0130095305,15.029526,-17.376877,38.567314,-0.86772275,0.22882152,0.4412458,0.45414555,0.72578084,0.51671463,-0.20201235,0.6487549,-0.7336949
1.7402939,-5.6319013,7.5727615,1.7600504,-6.41353,7.2068887,-0.04464078,0.58497524,0.49061537,0.47323665,0.119056515,0.006165213,14.992027,-15.951874,39.20481,-0.8093946,0.36668903,0.4587152,0.55856436,0.72189033,0.40850997,-0.18134591,0.5868677,-0.78911346
1.6612431,-5.5025454,7.8075185,1.7013206,-6.222464,7.3862596,0.05862081,0.6157212,0.27751303,0.2942724,0.09668598,0.015752586,15.01078,-15.014374,39.95481,-0.800427,0.39637786,0.44966796,0.5744183,0.721638,0.38637084,-0.17134863,0.5675591,-0.8053052
1.6037515,-5.2773705,7.826682,1.6710548,-6.139744,7.462005,0.041623116,0.5898204,0.352458,0.18135446,0.07111966,0.018948374,14.710785,-14.451874,39.973564,-0.79511577,0.41467527,0.44253278,0.58286905,0.7240594,0.3687837,-0.16749455,0.55116445,-0.8174125
1.5582374,-5.8211436,7.5991116,1.6372467,-6.0872583,7.5123296,-0.018076062,0.38126087,0.33000565,-0.02637193,0.016791217,0.05410207,14.579536,-13.945633,40.254814,-0.85057765,0.31851584,0.4184079,0.5007027,0.7336841,0.45935202,-0.16066837,0.6002126,-0.78353715
1.5678194,-6.0415277,7.4122643,1.617984,-6.100852,7.505472,-0.042069316,0.04482031,0.0016360283,-0.033828773,0.008269108,0.08819051,14.110786,-13.570633,40.61106,-0.88554376,0.2503271,0.3913421,0.43547082,0.7406911,0.51160705,-0.16179448,0.62346846,-0.7649245
1.4097178,-6.436782,7.639835,1.5845325,-6.116065,7.500226,-0.025766969,-0.11952019,0.085575104,-8.056059E-4,-0.014101426,0.07540735,14.373283,-13.008148,41.192314,-0.8778425,0.27399823,0.39283273,0.45811385,0.7196356,0.5217817,-0.13972914,0.63800424,-0.7572491
1.4480455,-6.156511,7.5679703,1.5699536,-6.1223083,7.498198,-0.17240775,-0.40330076,0.17581654,0.009847029,0.02424806,-0.0023568952,14.16703,-13.158157,41.13607,-0.87946385,0.2726898,0.39010736,0.4527554,0.732114,0.50894195,-0.14681982,0.6242192,-0.76732945
1.5414691,-6.05111,7.5296426,1.5634931,-6.1074014,7.511692,-0.051368237,-0.13884783,0.093709946,0.07589337,0.02424806,-0.007683213,14.035774,-13.32692,40.873566,-0.88519245,0.25702992,0.38777578,0.437724,0.7424786,0.5070734,-0.15758216,0.61859626,-0.7697445
1.440859,-5.6678333,7.7500267,1.5557405,-6.0740833,7.540263,-0.0723902,0.2567644,0.13505125,0.07589337,-0.0034487909,0.0029694224,13.698273,-13.27066,40.648567,-0.8637546,0.31447166,0.3937455,0.48129404,0.7463133,0.45975268,-0.14927831,0.58662087,-0.79598486
1.4696047,-5.5792007,7.6542077,1.558848,-6.025643,7.5783916,-0.029740214,0.33008623,0.16059256,-0.013588768,-0.044994067,0.006165213,13.49202,-13.383148,40.836067,-0.87182426,0.300755,0.38661215,0.46520418,0.75547385,0.46135068,-0.15332182,0.58207023,-0.7985529
1.610938,-5.651065,7.694931,1.5714062,-6.011823,7.5867677,0.06749034,0.4293108,0.093979836,-0.08709195,-0.03966775,0.060493648,13.58577,-13.420639,40.929817,-0.8867927,0.26246133,0.3804112,0.4294436,0.77215564,0.46835235,-0.17081226,0.5786966,-0.79745436
1.5750058,-5.536082,7.757213,1.57355,-6.0262723,7.574851,0.0067688227,0.30419922,0.22966337,-0.188292,-0.0066445814,0.07327682,13.567024,-13.833145,41.41732,-0.8775132,0.28781965,0.38357604,0.45098096,0.76725507,0.456,-0.16305491,0.57313144,-0.8030775
1.5726104,-5.035427,7.7380495,1.5480695,-6.0843697,7.5335464,0.06997931,0.9475708,0.49861336,-0.4130626,-0.0087751085,0.13825789,13.735779,-13.495651,41.26732,-0.8526653,0.34142333,0.3954643,0.49473655,0.77093023,0.40112627,-0.16792153,0.5376771,-0.82626003
1.6133335,-5.3827715,7.3523774,1.5243253,-6.178516,7.461417,0.16968298,0.9101834,0.12181759,-0.52598053,-0.032210905,0.24265373,13.679527,-13.720642,41.00482,-0.8883487,0.25516695,0.38174152,0.4247846,0.77236164,0.47224548,-0.17434107,0.5816765,-0.7945173
1.4025314,-5.9265447,6.844536,1.4537106,-6.4098554,7.2781086,0.12817717,0.53517056,-0.1211009,-0.5749827,0.008269108,0.26822004,13.679527,-14.451904,40.38607,-0.89199364,0.23493306,0.38620448,0.42533815,0.7255061,0.5410439,-0.15308459,0.64687514,-0.74707276
1.0288367,-6.9158773,6.7415304,1.3829845,-6.5884156,7.1309557,-0.1054194,0.09382391,-0.32913828,-0.6186585,-0.04925512,0.3513106,13.379524,-15.295654,39.95482,-0.8849532,0.25082007,0.39236093,0.4534724,0.6558042,0.60355914,-0.10592721,0.71204644,-0.694096
1.0671644,-6.97816,6.490005,1.262134,-6.875438,6.8779173,-0.17923093,-0.119556904,0.012253284,-0.64848584,-0.10784461,0.32680953,13.248276,-17.001892,39.35482,-0.8851792,0.23698972,0.400367,0.45174432,0.64364517,0.6177767,-0.11128757,0.7277065,-0.6768
0.91145825,-7.608171,6.6217566,1.179034,-7.153426,6.6036935,-0.12080777,-0.5035548,-0.11767244,-0.657008,-0.058842495,0.18619475,13.173279,-18.145645,38.92357,-0.8728316,0.2566848,0.4150638,0.47965103,0.6080572,0.6326148,-0.089999914,0.75125194,-0.6538506
1.0527915,-7.9100013,5.9773726,1.1460322,-7.3334284,6.4091983,-0.11701071,-0.6112671,-0.04769516,-0.580309,-0.09719198,0.14251895,13.154533,-19.851898,38.45482,-0.89687645,0.18441066,0.40200147,0.42949098,0.580146,0.69207513,-0.10559351,0.793362,-0.5995221
1.1342378,-7.5363064,6.1211014,1.1112216,-7.5411654,6.1697974,0.08176291,-0.19548321,0.22649574,-0.4855005,-0.005579318,0.07647261,12.704529,-21.595642,37.66732,-0.8859557,0.2046742,0.41616237,0.44901955,0.6030753,0.6593039,-0.116034746,0.7709789,-0.6262007
0.9881135,-7.5602612,5.9007173,1.0928653,-7.6630206,6.021142,-0.013004541,-0.10136318,0.062204838,-0.49828368,-0.025819324,0.05303681,12.648277,-22.233154,37.10482,-0.8743933,0.2223311,0.43128335,0.4742705,0.57935894,0.6628807,-0.102488846,0.78416336,-0.6120326
0.94739044,-7.739922,5.447972,1.0625706,-7.8493447,5.7817926,0.021485686,-0.07949686,-0.117622375,-0.52917635,0.0029427903,0.12014841,12.554527,-23.414398,36.39232,-0.88209265,0.19414154,0.42921045,0.4604271,0.54794645,0.6983991,-0.09959608,0.8136729,-0.57272756
0.8755261,-7.8357415,5.304243,1.0050497,-8.038871,5.526012,-0.0558151,-0.015589714,-0.09031582,-0.53556794,-0.02688459,0.1350621,12.273277,-23.95816,35.84857,-0.88147354,0.19320004,0.4309038,0.4631582,0.53172714,0.7090492,-0.09213492,0.8245848,-0.5581856
0.8348029,-8.405866,5.0287633,0.9582566,-8.16223,5.3507137,-0.10620546,-0.29357672,-0.28412914,-0.5323721,0.022117533,0.11588736,12.179527,-25.27066,34.929817,-0.8854918,0.17061895,0.4321959,0.45682946,0.48965943,0.7426576,-0.0849174,0.8550572,-0.51153326
0.88989896,-8.242972,4.667046,0.8997006,-8.33203,5.0929546,-0.04415059,0.007739067,-0.23099709,-0.44715104,0.0114648985,0.08925577,12.085777,-26.414413,34.367317,-0.8935962,0.14420171,0.4250785,0.43901855,0.4780996,0.7607124,-0.09353385,0.86638707,-0.49053523
0.82282555,-8.187877,4.8874297,0.867342,-8.423083,4.946692,0.025910854,-0.030367851,-0.025235176,-0.4450205,0.019987006,0.081798926,11.767021,-27.501907,33.54232,-0.8697748,0.185527,0.45724338,0.48590216,0.4834565,0.72812694,-0.08597009,0.85548204,-0.5106462
0.7006562,-8.587921,4.396357,0.82694507,-8.558225,4.7162833,-0.09965062,0.11717224,-0.17713451,-0.4503468,-0.0790825,0.123344205,11.71077,-28.626907,33.11107,-0.8804926,0.15712792,0.44726226,0.46849355,0.432569,0.77032316,-0.07243254,0.8878034,-0.45448723
0.42996705,-8.602294,4.4442663,0.79424125,-8.650391,4.5508585,-0.19709748,-0.18650627,0.17582655,-0.55580795,-0.06523407,0.12014841,11.14827,-28.983154,32.792313,-0.86072683,0.19904424,0.4685411,0.50713044,0.41547003,0.75511813,-0.044362858,0.88756186,-0.4585476
0.6335828,-8.975989,3.7447865,0.734038,-8.800651,4.2638154,0.015044093,-0.4664383,-0.5595021,-0.4215847,0.032770168,0.13080105,11.542023,-29.48941,32.061066,-0.89587945,0.11572581,0.428961,0.43951583,0.37210065,0.81753707,-0.06500653,0.9209498,-0.38422066
0.53297263,-8.817887,4.0394306,0.68496835,-8.873416,4.1187005,-0.13814873,-0.016055107,0.0039920807,-0.46312997,0.017856479,0.039188385,11.317017,-29.995667,31.086065,-0.8649842,0.16483425,0.47395357,0.49879032,0.38570714,0.77616894,-0.054868072,0.9077773,-0.4158483
0.5760913,-8.997548,3.4956567,0.6564618,-8.984682,3.8749092,-0.18214822,0.012410164,-0.013847828,-0.47804368,-0.018362481,0.02640522,10.86702,-31.308167,29.811068,-0.88757324,0.116343535,0.4457331,0.45679817,0.34741074,0.81892693,-0.059575595,0.9304676,-0.36149797
0.6287918,-8.987967,3.3686962,0.64083266,-9.096393,3.6076803,-0.03765279,-0.22537994,0.064962626,-0.52598053,-0.010905636,0.04238417,10.11702,-32.50818,28.98607,-0.9020721,0.094707526,0.42106605,0.42660642,0.34343866,0.8366942,-0.065369114,0.9343878,-0.3502092
0.604837,-8.942452,3.2656908,0.6247255,-9.170234,3.4186127,0.07158387,0.047842026,-0.13285804,-0.50147945,-0.023688797,0.06475471,10.304527,-33.539444,28.104822,-0.88713515,0.104185,0.449596,0.45713338,0.33220944,0.82502484,-0.06340484,0.937434,-0.34234115
0.5066224,-9.167627,2.8297136,0.60017866,-9.279179,3.1156063,-0.1319437,-0.060726166,0.07540822,-0.6186585,-0.051385652,0.061558917,10.754532,-34.57071,27.148577,-0.87696916,0.096822225,0.47069153,0.4776448,0.28310764,0.8316883,-0.05273046,0.9541884,-0.2945233
0.29821575,-9.450294,2.405714,0.5806327,-9.356225,2.8799827,-0.079261065,-0.08083534,-0.0913558,-0.6506164,-0.058842495,0.05410207,11.392029,-35.32071,26.417326,-0.85689425,0.1016113,0.5053785,0.5145852,0.22674224,0.8269159,-0.03056663,0.9686398,-0.2465818
0.53297263,-9.606,1.9984827,0.5665508,-9.460779,2.5185418,-0.15431046,-0.4681635,-0.39442015,-0.57285213,0.004008054,0.02001364,11.054535,-36.614456,24.654825,-0.88268733,0.04828137,0.4674742,0.46682033,0.20488048,0.8602924,-0.05424023,0.9775955,-0.2033841
0.43236256,-9.388011,1.9242228,0.5581942,-9.515958,2.3033347,-0.007223606,-0.015641212,-0.24347138,-0.50893635,-0.03327617,-0.0044874223,11.110786,-37.364456,23.792326,-0.8625526,0.06317002,0.50200856,0.503956,0.19564334,0.84128,-0.045070954,0.97863847,-0.20058759
0.41559416,-9.62756,1.9577596,0.55394304,-9.582824,2.0082397,-0.182832,-0.38403606,-0.25394797,-0.4950879,-0.089735135,0.0679505,10.942032,-38.18947,22.161077,-0.83783835,0.073825404,0.54090357,0.54427993,0.18966842,0.8171812,-0.04226359,0.97906876,-0.19909316
0.34372985,-9.498203,1.4762684,0.52624846,-9.646019,1.6875328,-0.045560658,-0.09532452,-0.09536326,-0.59096164,-0.075886704,0.022144167,11.26078,-38.976974,21.279825,-0.8383246,0.05397938,0.5424924,0.5439988,0.14805631,0.8259204,-0.035736743,0.98750466,-0.15348397
0.34852076,-9.3185425,1.4499182,0.52555436,-9.683953,1.4543841,-0.22691113,0.08515549,0.047188282,-0.6452901,-0.16323832,0.004034686,11.017029,-39.78322,20.117327,-0.82397205,0.056901973,0.5637662,0.56542575,0.14741556,0.8115186,-0.036930893,0.9874365,-0.15364012
0.5952551,-9.979694,0.37913918,0.53637326,-9.735322,1.0517586,-0.017065287,-0.11972904,-0.40091664,-0.66020375,-0.16856463,0.0050999494,10.998283,-40.62697,18.898577,-0.89593446,-0.03662181,0.44267395,0.44018334,0.06029094,0.8958814,-0.059498034,0.9975088,-0.03789642
0.55692744,-9.891062,0.24738786,0.5387083,-9.759471,0.79555506,0.059509277,-0.33222198,-0.3535185,-0.5632648,-0.10464882,0.027470483,11.26078,-41.18947,17.567327,-0.879027,-0.037607104,0.47528648,0.47344813,0.048654854,0.8794769,-0.05619957,0.99810743,-0.024963917
0.49943596,-9.713797,0.27373812,0.5243691,-9.781975,0.4565019,-0.058363557,-0.21076775,-0.17432946,-0.5249153,-0.12914988,0.071146294,11.242035,-42.070724,15.673578,-0.8470216,-0.02859189,0.5307891,0.5290747,0.051072236,0.847037,-0.05132697,0.99828565,-0.028132033
0.3916394,-9.761706,-0.06402436,0.48271707,-9.793811,0.13656577,0.025263727,-0.064463615,0.032308877,-0.5419595,-0.062038284,0.04131891,11.44828,-42.726974,14.529827,-0.83508486,-0.037103463,0.54886866,0.54865885,0.01652985,0.8358831,-0.040086865,0.9991748,0.0065533137
0.30779767,-9.752124,-0.35627273,0.46719363,-9.795168,-0.08248796,-0.12933958,-0.0871954,-0.05250553,-0.600549,-0.08121303,0.030666275,11.54203,-43.551956,13.6298275,-0.83064234,-0.046487518,0.55486226,0.5559131,-0.012818163,0.83114153,-0.031525396,0.9988366,0.036490332
0.34133434,-9.797638,-0.78506345,0.44646102,-9.7864895,-0.4423422,-0.12346095,-0.18206978,-0.2835899,-0.5749827,-0.06949513,0.017883113,11.785774,-43.945694,12.392328,-0.8383749,-0.07249685,0.5402515,0.543988,-0.048172124,0.83770907,-0.03470621,0.9962047,0.07982372
0.34852076,-9.701819,-1.0246112,0.43805376,-9.7741995,-0.6659689,-0.11288956,-0.1468296,-0.25549424,-0.5249153,-0.067364596,0.04131891,11.298279,-44.1707,11.042328,-0.84742063,-0.08577627,0.5239472,0.5297203,-0.070238724,0.8452591,-0.03570179,0.9938355,0.10495918
0.19760562,-9.900643,-1.338419,0.38684365,-9.75105,-0.9683813,-0.1177938,-0.26744938,-0.18096453,-0.46099946,-0.07162565,0.07647261,11.148277,-44.564453,9.092329,-0.8239383,-0.09203439,0.55915594,0.5663344,-0.099301174,0.81817156,-0.019775089,0.9907921,0.13394028
0.3030067,-9.888666,-1.5516165,0.35568547,-9.733272,-1.1433734,-0.08732012,-0.37931347,-0.35353363,-0.36725625,-0.04818986,0.07540735,10.97953,-45.126953,7.94858,-0.8377543,-0.109606005,0.53493375,0.5452082,-0.11361667,0.83056545,-0.030257577,0.9874602,0.15494098
0.06585431,-9.788056,-1.4797522,0.29833055,-9.709989,-1.340715,-0.055082843,-0.38668728,-0.36715412,-0.2660562,-0.037537225,0.08605998,10.717033,-45.651947,6.7860794,-0.79225117,-0.09642025,0.60252905,0.61015886,-0.114415534,0.783974,-0.0066522886,0.98874277,0.14947751
0.15448703,-9.800034,-1.6330627,0.26387694,-9.697019,-1.4382601,0.019438684,-0.34833336,-0.3306297,-0.17870462,-0.05458144,0.08605998,10.529533,-45.80194,6.01733,-0.8072334,-0.10937707,0.5800095,0.5900277,-0.1236527,0.7978581,-0.015547635,0.98627925,0.16435207
0.08501814,-9.960531,-1.8678197,0.21019354,-9.682869,-1.5389143,-0.09313361,-0.34326172,-0.2715907,-0.11159301,-0.04286354,0.056232594,10.360786,-46.420685,5.22983,-0.8080048,-0.11524599,0.5777947,0.5891162,-0.14407063,0.79510105,-0.008388979,0.9828336,0.18430303
0.092204586,-9.977299,-1.884588,0.1662719,-9.675412,-1.5903264,-0.11229513,-0.38480854,-0.2534504,-0.024241403,-0.043928806,0.05410207,10.4732895,-46.533203,4.5360794,-0.79942364,-0.118631,0.5889385,0.60069907,-0.14302349,0.78657794,-0.009080487,0.9825838,0.1855979
0.116159365,-10.015627,-1.7336729,0.14711076,-9.675275,-1.593048,0.028667629,-0.53297806,-0.30020618,0.050327044,0.006138581,0.02960101,10.398285,-46.776962,4.19858,-0.774955,-0.116512746,0.62118405,0.6319132,-0.12506968,0.76488125,-0.011427127,0.9852829,0.1705493
0.18802373,-9.93418,-1.6881588,0.12794642,-9.679724,-1.5674694,0.037436545,-0.30835533,-0.13678765,0.07908916,0.048749123,0.038123116,10.41703,-46.683228,4.47983,-0.7875728,-0.11769584,0.6048775,0.6159392,-0.120636456,0.77850235,-0.0186562,0.985695,0.16750346
0.2503062,-9.802429,-1.6833678,0.12301936,-9.683976,-1.5413828,0.09949833,-0.31837273,-0.2090751,0.11850391,0.1020123,0.017883113,10.210777,-46.908234,4.7423306,-0.8085478,-0.11771444,0.576536,0.5880159,-0.12486314,0.79915357,-0.022083832,0.9851662,0.1701758
0.39403486,-9.725774,-1.6929498,0.15369067,-9.693118,-1.479939,0.20764412,-0.14530659,-0.18273902,0.16111445,0.19362497,-0.015140058,10.060776,-46.626984,5.061079,-0.8431679,-0.12517664,0.52287555,0.5361692,-0.123625964,0.83500856,-0.039882556,0.984402,0.17135327
0.4515264,-9.958136,-1.8750061,0.20636345,-9.704205,-1.3986492,0.21233383,-0.22492409,-0.44282508,0.28681555,0.37152398,-0.0023568952,10.154526,-46.51448,5.2673283,-0.8598455,-0.13185787,0.49323344,0.50861,-0.13698943,0.85002935,-0.044515297,0.98175734,0.18485397
0.6287918,-9.613187,-1.6402493,0.24592054,-9.716169,-1.3061277,0.3760687,-0.10142708,-0.5852903,0.41784295,0.4620714,0.015752586,10.079521,-46.214493,5.717327,-0.8794916,-0.13537528,0.45625424,0.4715446,-0.11826169,0.8738764,-0.06434386,0.98371124,0.16784565
0.56411386,-9.625164,-0.96232885,0.31850958,-9.742571,-1.0729644,0.2797826,0.033103943,0.034214497,0.31557766,0.63464403,-0.053489543,10.379517,-46.04573,6.6173267,-0.82069534,-0.10426575,0.5617719,0.56839216,-0.048802447,0.8213091,-0.05821857,0.9933514,0.099315785
0.71981996,-9.507786,-1.0222157,0.3778791,-9.752926,-0.9529051,0.19688284,0.143363,-0.021694243,0.21011657,0.67299354,-0.010879003,10.21077,-45.370728,7.104828,-0.8643908,-0.11799224,0.48878053,0.4971863,-0.05545154,0.86587,-0.075062305,0.99146503,0.10659592
0.7054471,-9.555695,-1.153967,0.44189107,-9.759357,-0.8544384,0.34952146,0.23102093,-0.37310374,0.16431025,0.7326483,0.047710486,10.210777,-44.73323,8.136078,-0.88431895,-0.11977946,0.45125702,0.46112573,-0.072753236,0.8843472,-0.073096216,0.9901312,0.11957045
0.54495007,-9.572463,-1.0653343,0.4665819,-9.762607,-0.8026344,0.22938713,0.085146904,-0.39156425,0.16644076,0.79762936,0.04344943,9.967026,-44.545746,8.642326,-0.88273126,-0.108827055,0.45710185,0.46556348,-0.071039535,0.88215876,-0.06353044,0.9915191,0.113374725
0.52099526,-9.665887,-1.0844982,0.4930583,-9.767874,-0.7182792,0.062235475,0.13525772,-0.38040042,0.20265973,0.87539357,0.011491531,9.873276,-44.508255,8.829826,-0.8752187,-0.100269355,0.4732212,0.4807612,-0.072134756,0.87387943,-0.05348764,0.992342,0.1113393
0.324566,-9.68026,-0.54551554,0.52682656,-9.774514,-0.59306467,-0.15673274,-0.036548615,-0.23763227,0.15578812,0.949962,-0.075860076,10.060776,-43.927002,8.998575,-0.7991207,-0.060499456,0.5981186,0.60023886,-0.024925532,0.7994323,-0.03345679,0.9978569,0.05623263
0.35810268,-9.498203,-0.3946004,0.5634996,-9.776804,-0.5166766,-0.15843356,0.13044834,-0.03715515,0.11424285,0.94463575,-0.05029376,10.342026,-43.19574,9.804825,-0.79832846,-0.055013258,0.5997042,0.6010446,-0.010539642,0.79914594,-0.037642956,0.99843,0.041479517
0.15448703,-9.555695,-0.22452143,0.57581604,-9.780357,-0.428295,-0.3325433,0.06882286,0.09469521,0.022630192,0.80189043,0.012556794,9.798271,-42.502,10.761076,-0.79020905,-0.02716045,0.6122352,0.6126242,-0.008665282,0.79032683,-0.016160442,0.99959356,0.023486536
0.14969607,-9.816802,-0.52395624,0.55216724,-9.782857,-0.40149888,-0.45934206,0.1456585,0.15866968,-0.05300352,0.7326483,0.015752586,9.517021,-42.389496,10.854826,-0.8276185,-0.042492375,0.5596803,0.56108457,-0.0355835,0.82699335,-0.015225527,0.998463,0.053291377
0.38684845,-9.766497,-0.66049856,0.54577625,-9.782472,-0.4192285,-0.26721656,-0.18803596,-0.21343085,-0.008262451,0.81573886,-0.034314804,8.954517,-41.73323,10.761076,-0.87884945,-0.06675932,0.47240543,0.47546226,-0.04059936,0.87879884,-0.03948865,0.99694276,0.067422256
0.39643037,-9.795242,-0.437719,0.5542199,-9.782208,-0.41426218,-0.14877427,-0.013334274,-0.16794762,0.020499665,0.8253262,0.021078901,9.17952,-41.339478,10.686077,-0.85461295,-0.05633295,0.51620084,0.51801413,-0.02351513,0.8550488,-0.03602889,0.9981351,0.0492776
0.46110827,-9.7808695,-0.54791105,0.5456695,-9.783997,-0.38214755,-0.11194813,-0.06897926,-0.10131931,0.03967441,0.88817674,-0.016205322,8.89827,-40.13948,10.311075,-0.87127936,-0.068301216,0.4860117,0.48853016,-0.025826273,0.8721647,-0.047018036,0.99733037,0.055869095
0.44194448,-9.665887,-0.4137642,0.5619394,-9.7848215,-0.33449113,-0.12504059,-0.008742332,-0.13679731,0.04606599,0.8636757,-0.011944267,9.048271,-39.95198,10.329826,-0.8559666,-0.061113797,0.51340663,0.5150135,-0.013141289,0.85708135,-0.045632664,0.99804425,0.04272293
0.3461253,-9.656305,-0.2700355,0.6132529,-9.784733,-0.2308799,-0.25719243,0.07030487,-0.08900188,0.045000724,0.8072167,-0.057750605,7.5670204,-38.88324,11.623575,-0.8986374,-0.044416044,0.43643785,0.4372283,-0.009476431,0.8993006,-0.035807498,0.9989681,0.027935825
0.39643037,-9.804825,-0.26045358,0.6278111,-9.784684,-0.19026092,-0.2642315,-0.028844833,0.011989266,-0.012523505,0.80402094,-0.05242428,7.248272,-38.020737,11.904825,-0.91352993,-0.047666956,0.40396902,0.40476185,-0.007924229,0.9143878,-0.04038494,0.9988318,0.026532786
0.4491309,-9.720983,-0.06641983,0.6413699,-9.784326,-0.16127299,-0.19097841,-0.069693565,-0.073912784,0.015173347,0.8050862,-0.035380065,6.7607727,-37.889496,12.298576,-0.927845,-0.04539788,0.37019295,0.37009966,0.010752393,0.9289298,-0.0461519,0.998911,0.006825185
0.434758,-9.723378,-0.06641983,0.6464538,-9.784404,-0.13380046,-0.19449973,-0.04191494,0.008809023,0.023695456,0.772063,-0.046032704,6.1795235,-37.420746,11.961077,-0.93728733,-0.044270296,0.34573486,0.34568387,0.009046917,0.9383075,-0.044666983,0.9989787,0.0068239653
0.4563173,-9.692237,-0.14307514,0.6608699,-9.783918,-0.092616946,-0.21052116,-0.013325691,0.05495598,-0.0018708694,0.75927985,-0.046032704,5.973274,-37.139496,12.054827,-0.9469955,-0.049271293,0.31744573,0.31778648,9.650076E-4,0.9481618,-0.047023498,0.998785,0.014743893
0.4108032,-9.694633,-0.10714297,0.6647639,-9.783779,-0.07840692,-0.25789183,0.070658684,-0.036588974,-0.008262451,0.67299354,-0.046032704,6.048279,-36.764496,11.679827,-0.93650466,-0.043529116,0.3479431,0.34809056,0.0043895897,0.9374507,-0.04233372,0.9990425,0.011041201
0.51380885,-9.675468,-0.056837924,0.6847525,-9.782521,-0.06161624,-0.17507374,-0.08102608,-0.0579947,0.008781766,0.7049514,-0.10781798,6.067028,-36.59575,11.736074,-0.9440288,-0.052045465,0.3257313,0.3255727,0.011735354,0.94544417,-0.053028654,0.9985758,0.00586607
0.74856573,-9.677864,-0.0807927,0.7193859,-9.780146,-0.040233664,-0.14445382,0.0682497,0.035759177,-8.056059E-4,0.6900377,-0.11847061,5.8045273,-36.6895,11.736074,-0.96809715,-0.0768716,0.23849255,0.23841387,0.010333888,0.9711086,-0.07711522,0.9969874,0.008323046
0.8276165,-9.577254,0.0054445216,0.7808674,-9.7754965,-0.01750647,-0.046643376,0.13184261,0.11142189,-0.090287745,0.67725456,-0.09077376,5.110779,-36.708252,11.754826,-0.9830662,-0.08485914,0.16241868,0.16176754,0.0145400455,0.9867218,-0.08609393,0.99628687,-5.6637375E-4
0.91385376,-9.560486,-0.102352016,0.83341193,-9.771071,-0.044584583,0.108926356,0.116701126,-0.032683633,-0.10094038,0.68151563,-0.047097966,4.6045303,-36.464493,11.736076,-0.99119663,-0.09572428,0.09146648,0.09206638,-0.0018599387,0.99575114,-0.09514742,0.9954061,0.010656552
0.94259953,-9.682655,-0.24368525,0.8477477,-9.76972,-0.06549559,0.056038678,0.039725304,-0.01599989,-0.11585407,0.66340613,-0.018335847,4.8857803,-36.033234,11.361076,-0.98886305,-0.099060476,0.11107207,0.11299537,-0.014003509,0.99349684,-0.09686086,0.99498284,0.025040925
0.8348029,-9.694633,-0.071210794,0.8611901,-9.768319,-0.09313509,0.089111924,-0.05657482,-0.18977237,-0.055134043,0.6793851,0.006165213,4.867031,-35.920746,11.098576,-0.9843802,-0.08589364,0.15368149,0.15373933,0.00598054,0.9880933,-0.08579002,0.99628633,0.007318105
0.86594415,-9.771288,-0.06402436,0.86642134,-9.767907,-0.08763509,-0.020442903,-0.01133728,0.08260962,-0.048742466,0.6602104,0.0029694224,4.8295326,-35.995743,10.611074,-0.98490983,-0.088259436,0.14887185,0.14886354,0.006713342,0.9888349,-0.08827344,0.99607486,0.0065265764
0.8731306,-9.682655,6.5356446E-4,0.87107986,-9.767603,-0.07445367,0.010425985,0.0078020096,0.079182334,-0.057264574,0.7092125,-0.025792694,4.023281,-35.60199,10.423573,-0.9908423,-0.08934208,0.10123988,0.10082476,0.009158995,0.9948621,-0.089810304,0.9959589,-6.722571E-5
0.86833966,-9.7808695,-0.052046962,0.88337034,-9.766538,-0.06903407,-0.035465002,-0.053523064,0.076224536,-0.07430879,0.6847114,-0.025792694,3.7607803,-35.22699,10.292322,-0.99425423,-0.08858903,0.06008817,0.060321473,4.36916E-5,0.998179,-0.08843034,0.99606824,0.0053003803
0.8707351,-9.735355,-0.006532871,0.89166015,-9.765796,-0.06754537,0.010611534,-0.05978489,0.024505984,-0.05087299,0.69962513,-0.008748476,3.629528,-35.301987,10.254822,-0.994716,-0.08900223,0.051172625,0.051028635,0.0038938606,0.9986895,-0.08908487,0.9960238,6.683778E-4
0.935413,-9.871898,-0.17182088,0.90516704,-9.764668,-0.04790637,-0.032134473,-0.10078907,-0.027156759,0.011977556,0.7187999,-0.028988486,3.5170288,-35.47075,10.292322,-0.9954166,-0.094568565,0.014233075,0.015805865,-0.015902989,0.9997486,-0.09431844,0.99539137,0.017324837
0.64556015,-9.905435,0.40309396,0.9022076,-9.76504,0.019887308,-0.19590086,-0.19197178,0.23002058,0.06950179,0.71986514,-0.028988486,3.2920265,-35.433243,10.123573,-0.9918593,-0.060072698,0.11227819,0.10951082,0.047540255,0.9928481,-0.0649808,0.9970613,-0.040574636
1.0959101,-9.661096,0.086890794,0.90327674,-9.764396,0.10513582,0.14209187,-0.020194054,0.054149464,0.009847029,0.76567143,0.04238417,2.8607788,-35.13324,10.029823,-0.987004,-0.112988874,-0.114265725,-0.114542745,-0.0040585827,0.99341005,-0.11270803,0.993588,-0.008936217
0.935413,-9.661096,0.21624663,0.88992923,-9.765279,0.13320331,0.18664056,0.022407532,-0.028853483,0.0023901847,0.7763241,0.07647261,2.7857819,-34.683228,9.954823,-0.9933003,-0.097560376,-0.06193888,-0.06380829,0.01615661,0.9978314,-0.096348085,0.9950985,-0.02227353
0.9641588,-9.701819,-0.023301221,0.8470063,-9.768552,0.16838324,0.09331113,0.038915634,-0.07093554,-0.0071971873,0.8370441,0.045579962,2.1670303,-34.60823,9.767321,-0.9870089,-0.09778194,-0.12748447,-0.1266255,-0.014966071,0.99183774,-0.09889174,0.99509525,0.0023899574
0.69826066,-9.704214,0.15635967,0.82970595,-9.769701,0.1868943,0.060227275,0.0062742233,-0.1540126,0.03967441,0.78058517,0.040253647,1.9607811,-34.57074,9.63607,-0.9956887,-0.07257492,-0.0577664,-0.0587762,0.011854359,0.99820083,-0.07175956,0.9972925,-0.01606893
0.6838878,-9.58444,0.26415622,0.7989226,-9.771014,0.2436917,-0.12688965,0.04263878,0.05310449,0.008781766,0.7582146,-0.06201165,1.5107803,-34.739502,9.467321,-0.9908821,-0.073809914,-0.11271555,-0.114415586,0.019210825,0.9932472,-0.07114612,0.99708724,-0.027480666
0.7940798,-9.58444,0.29769292,0.8135031,-9.769081,0.2713903,-0.028142512,0.107320786,0.01892224,-0.022110876,0.71560407,-0.11207903,1.2295303,-34.589508,9.504822,-0.97796565,-0.08692087,-0.18981017,-0.19176075,0.014592674,0.98133326,-0.0825285,0.99610835,-0.030939147
0.8060572,-9.617977,0.343207,0.85683787,-9.7645645,0.29914305,-0.1440025,0.110300064,0.099343896,-0.05300352,0.6847114,-0.12060115,1.4170265,-34.664505,9.579821,-0.9806058,-0.088423476,-0.1749105,-0.17733166,0.020249229,0.98394287,-0.08346183,0.99587715,-0.03553679
0.9665543,-9.661096,0.2210376,0.91484314,-9.759198,0.30249155,0.024116397,0.076233864,-0.057137877,-0.055134043,0.6985599,-0.09183903,1.4545288,-34.214508,9.036072,-0.9676329,-0.10208814,-0.23079115,-0.23190874,-9.4615854E-4,0.9727371,-0.09952328,0.99477494,-0.022759598
0.90427184,-9.644327,0.343207,0.942147,-9.756566,0.30359086,-0.0077586174,-0.014705658,0.018418789,-0.08389616,0.7230609,-0.08651271,2.1482773,-34.177002,8.454823,-0.98481137,-0.09745169,-0.14370011,-0.14643352,0.021464612,0.9889876,-0.093294054,0.99500877,-0.03540879
0.85875773,-9.701819,0.1875009,0.97794545,-9.753563,0.2863641,-0.01668495,-0.005270958,-0.16327804,-0.07430879,0.7496925,-0.0779906,2.2982788,-33.764496,8.098572,-0.9931071,-0.08937064,-0.07583645,-0.07724727,0.012429567,0.9969345,-0.08815406,0.9959209,-0.01924753
0.71023804,-9.692237,0.2545743,0.9881189,-9.752657,0.28229508,-0.20896983,-0.043019295,-0.08502966,-0.048742466,0.7539536,-0.09396955,2.429531,-33.839508,8.229822,-0.99739784,-0.07206961,-0.0018944545,-0.0033490655,0.020067934,0.99979305,-0.07201667,0.99719775,-0.02025708
0.6862833,-9.759311,0.22343308,1.0041087,-9.750429,0.30212882,-0.2991783,-0.053791046,6.8718195E-4,-0.022110876,0.74862725,-0.08757797,2.0920334,-33.520767,8.286072,-0.99686325,-0.07090522,-0.03515858,-0.036681734,0.020294731,0.9991209,-0.070129365,0.9972766,-0.022831999
0.58806866,-9.598813,0.53724074,1.0016079,-9.74958,0.33592886,-0.32473117,-0.10516739,-0.04021421,-0.021045612,0.74649674,-0.074794814,1.8295326,-33.445755,8.229822,-0.9974171,-0.06303391,-0.034436844,-0.03783478,0.053531177,0.9978491,-0.061054874,0.99657464,-0.05577778
0.77012503,-9.517367,0.32404318,0.9900137,-9.750361,0.34744775,-0.33265942,0.11407852,0.094876885,-0.08389616,0.69536406,-0.048163228,2.1107826,-33.070755,7.6860714,-0.9928499,-0.08325193,-0.08554615,-0.08804206,0.02677891,0.9957567,-0.08060784,0.9961686,-0.033917114
0.6120234,-9.462272,0.5060995,0.9829933,-9.751028,0.34865654,-0.23015195,0.2277565,0.0776667,-0.0828309,0.61120826,-0.044967435,2.4482841,-33.183258,7.4985714,-0.9967113,-0.06165508,0.05258546,0.049115088,0.056512702,0.9971931,-0.06445377,0.9964964,-0.053298652
0.57848674,-9.634746,0.46058545,0.9711359,-9.752247,0.34778488,-0.35396743,0.06792736,0.14835796,-0.08389616,0.56646717,-0.07266428,2.523285,-32.977005,7.179819,-0.9938224,-0.05506442,0.09635862,0.09345146,0.053138584,0.9942048,-0.059865672,0.9970678,-0.04766446
0.1928147,-9.855129,0.7025288,0.95495564,-9.75325,0.36407435,-0.5847987,-0.09324169,0.2184852,-0.008262451,0.42691767,-0.05242428,2.617035,-32.88327,7.25482,-0.9278306,0.008429938,0.37290648,0.37249106,0.07323701,0.9251414,-0.01951167,0.9972789,-0.07109162
-0.22399859,-9.812011,1.0858054,0.90719813,-9.756222,0.40436375,-0.9435602,-0.2487688,0.52556723,-0.027437193,0.2831071,-0.038575858,2.523285,-32.620758,6.9173203,-0.7082179,0.09360408,0.6997611,0.70562935,0.0620026,0.70586324,0.022684673,0.993677,-0.10996114
-0.48510575,-9.871898,1.0307094,0.80657494,-9.762674,0.45828098,-1.206809,-0.20867157,0.6226108,-0.024241403,0.048749123,-0.04922849,2.804535,-32.845764,6.5423203,-0.57225156,0.11292787,0.81226563,0.81862396,0.019702356,0.5739919,0.04881613,0.99340785,-0.10372016
-0.4898967,-9.893457,1.128924,0.737401,-9.766335,0.49530554,-1.2134308,-0.26111507,0.55665946,0.06311021,-0.1312804,-0.03111901,3.085785,-33.052017,6.31732,-0.5281869,0.111576594,0.84176564,0.84786147,0.015171308,0.5300009,0.046365008,0.99364007,-0.10261477
-0.31742227,-9.93418,1.0762235,0.7431783,-9.762933,0.55064607,-1.109154,-0.20689106,0.56635725,0.15791866,-0.3997268,0.006165213,3.1232834,-33.558258,6.336069,-0.53808516,0.10775877,0.8359739,0.84229225,0.031382643,0.5381068,0.031750653,0.99368167,-0.10765091
-0.31981772,-9.790452,1.1073647,0.7282998,-9.7597,0.6230875,-1.1185206,-0.15526009,0.52316296,0.10252496,-0.6404764,0.05197154,3.2357826,-33.464508,6.2798195,-0.49608573,0.113569036,0.8608141,0.8676672,0.027798977,0.49636757,0.032442234,0.9931411,-0.1123308
-0.54259723,-9.62756,0.8654213,0.7096336,-9.759739,0.64367497,-1.0688858,-0.02808857,0.24163365,0.07908916,-0.90359646,0.11588736,3.0670319,-33.445755,7.06732,-0.63061976,0.1046665,0.76900166,0.77406573,0.013271946,0.6329661,0.056044206,0.99441886,-0.08938831
-0.19764832,-9.625164,0.23301497,0.66136587,-9.764659,0.62000936,-1.1143299,0.061175346,0.20053613,-0.03169825,-1.1784345,0.12760526,2.9357834,-33.127,7.929819,-0.8919322,0.029239038,0.45122275,0.45170304,0.012320871,0.8920832,0.020524202,0.9994965,-0.024196748
-0.39647305,-9.596418,0.072517924,0.5750892,-9.773686,0.5609888,-0.8150516,0.074985504,-0.435103,0.08867653,-1.4575336,0.2085653,2.9357834,-33.333252,8.286068,-0.88036966,0.03994355,0.47260326,0.47248855,-0.012861369,0.881243,0.0412783,0.99911916,-0.0075501134
-0.34616798,-9.711401,0.12042749,0.40509486,-9.782907,0.5486477,-0.9694756,0.10974121,-0.22321048,0.107851274,-1.6748474,0.17128107,2.4482841,-33.239502,7.8923187,-0.89888084,0.037455067,0.43658954,0.43674308,-0.0044126324,0.8995755,0.035620164,0.99928856,-0.0123918075
-0.08745631,-9.795242,-0.11912037,0.30332062,-9.788166,0.51981235,-0.4928624,-0.10799694,-0.70404685,0.12915653,-1.9092053,0.22667477,2.5607834,-33.25824,7.6673183,-0.9426558,0.004357856,0.33373758,0.3336466,-0.014441793,0.94258744,0.008927431,0.99988616,0.0121596595
0.2503062,-9.970113,-0.2508717,0.23163304,-9.791255,0.49805328,-0.22325629,-0.08427429,-0.66708905,0.058849152,-1.924119,0.22667477,2.148285,-33.501984,8.023567,-0.98890454,-0.028495617,0.14579411,0.14641866,-0.021209534,0.9889954,-0.025089808,0.9993689,0.025146492
0.7892889,-10.063537,-0.773086,0.16903919,-9.792786,0.49312395,0.40634313,-0.35887337,-1.0528834,0.09080706,-1.7771126,0.16275896,1.9232826,-33.876984,8.661068,-0.9952172,-0.07307528,-0.064828716,-0.05886138,-0.081050664,0.99497044,-0.077962145,0.99402755,0.0763617
1.0072774,-10.065932,-0.5886342,0.14854163,-9.792006,0.5147246,0.6685364,-0.32086945,-1.4289489,0.1888113,-1.6524768,0.15423685,1.6232834,-34.739487,9.579817,-0.9835637,-0.08924423,-0.15696505,-0.15073715,-0.072736956,0.9858944,-0.09940254,0.99335027,0.058089
1.1941247,-9.831175,-0.5670749,0.11526304,-9.787357,0.60392874,1.0440092,-0.17862225,-1.1054592,0.20692077,-1.4362283,0.22880529,1.5857811,-35.170746,10.236067,-0.9687429,-0.10469446,-0.22489125,-0.21690027,-0.082452275,0.9727053,-0.12037969,0.9910805,0.057166807
1.3546218,-9.857525,-0.39939135,0.07044789,-9.7838745,0.6642481,1.2201495,-0.17639923,-1.1317366,0.15365759,-1.386161,0.28206846,1.6982803,-35.28325,10.292316,-0.95860016,-0.1212926,-0.2576315,-0.2501628,-0.07349234,0.9654106,-0.13603108,0.98989236,0.040106867
1.8409039,-9.754519,-0.70122164,-0.0069080535,-9.78159,0.70059794,1.5650818,-0.07502079,-1.2013314,0.0013249211,-1.1454114,0.1819337,2.0920296,-35.001984,10.948566,-0.93680197,-0.15422127,-0.31403494,-0.29695347,-0.12410396,0.94679296,-0.18498857,0.9802112,0.07046429
2.5451746,-9.675468,-0.89525545,-0.0057895016,-9.783818,0.6687686,2.373645,-0.054192543,-1.4404473,-0.038089827,-0.69480485,0.047710486,2.4857788,-34.814484,11.267315,-0.8906324,-0.19633381,-0.4101549,-0.37758297,-0.18330827,0.90765035,-0.2533872,0.9632502,0.08912798
2.4852877,-9.570067,-0.81620467,0.015256289,-9.785387,0.64525515,2.6689997,0.06805706,-1.6182749,0.045000724,-0.47429526,0.07860313,2.6732788,-35.09575,11.604816,-0.89658767,-0.19909969,-0.39558786,-0.36520967,-0.17285801,0.914736,-0.25050423,0.9646136,0.08226924
2.0780563,-9.517367,-0.5503065,0.0341705,-9.78422,0.6620227,2.2119021,0.12360668,-1.2298334,0.09293759,-0.06523407,-0.023662167,3.1795273,-35.5645,12.148567,-0.9349107,-0.18668042,-0.30181515,-0.28387,-0.11700954,0.95169675,-0.21297842,0.97542775,0.056400497
1.7594577,-9.512576,-0.21014854,0.06831229,-9.782109,0.6899612,1.8523256,0.19327831,-1.0465212,0.099329166,0.15634075,-0.06946849,3.0107727,-35.620758,12.373568,-0.95090383,-0.17016956,-0.25850374,-0.25043654,-0.06765642,0.9657661,-0.18183343,0.9830895,0.021718074
1.5797968,-9.699424,0.06533149,0.123232536,-9.778572,0.7312543,1.51052,0.013085365,-0.71836156,0.0748281,0.41413453,-0.055620074,3.0482712,-35.864502,12.598568,-0.9612151,-0.15808046,-0.22600007,-0.2241067,-0.029940268,0.9741046,-0.16075343,0.9869723,-0.0066478555
1.4192997,-9.716192,0.1875009,0.1440221,-9.776481,0.7550281,1.3653765,-0.048823357,-0.6293095,0.0428702,0.569663,-0.056685336,3.029522,-35.358246,12.579817,-0.9737795,-0.14561842,-0.17478205,-0.1756952,-0.0066676475,0.984422,-0.1445154,0.9893184,-0.019091643
0.99530005,-9.864712,0.13719586,0.16891716,-9.775241,0.76585203,1.053254,-0.2163763,-0.60659283,0.0045207115,0.7731283,-0.074794814,2.9732742,-35.489487,12.317316,-0.99358046,-0.10095721,-0.0510446,-0.05217875,0.008623702,0.9986005,-0.10037573,0.9948534,-0.013836163
0.90187633,-9.778475,0.08928627,0.18829249,-9.774523,0.7704864,0.7996091,-0.17216969,-0.6510707,0.036478616,0.84663147,-0.06307692,2.860775,-35.245743,12.467316,-0.9952384,-0.09208339,-0.031955108,-0.032655954,0.0061139744,0.999448,-0.09183718,0.99573255,-0.009091933
0.6192099,-9.752124,0.1659416,0.1927187,-9.773115,0.78705424,0.5194028,-0.13201332,-0.62300265,0.06311021,0.9137431,-0.07905586,2.3170242,-35.526993,11.886066,-0.9979815,-0.063274525,0.0054175816,0.0043315575,0.017288275,0.9998412,-0.063358136,0.9978464,-0.0169793
0.3030067,-9.565277,0.4869357,0.20157188,-9.769889,0.8240385,0.23035774,-0.015075684,-0.44166714,0.011977556,0.925461,-0.08118639,2.0357742,-35.489502,12.186068,-0.99580014,-0.02709277,0.08745359,0.08592008,0.053367287,0.9948716,-0.031620987,0.9982073,-0.050815336
0.33654338,-9.582046,0.45579448,0.2056288,-9.769633,0.82604474,0.02755016,0.16748142,-0.32613662,-0.05619931,0.9116126,-0.11847061,1.7920265,-35.451996,12.092318,-0.99809235,-0.03256021,0.052453443,0.050815877,0.049233105,0.99749374,-0.035061054,0.99825644,-0.047484618
0.46110827,-9.469458,0.32883415,0.24740084,-9.771406,0.7929685,0.25932994,0.1599369,-0.5183915,-0.067917205,0.91480833,-0.12912326,1.360775,-35.170746,12.036068,-0.9982343,-0.04973603,-0.032475807,-0.03414192,0.03302405,0.99887127,-0.048607405,0.9982163,-0.034663823
0.056272402,-9.663491,0.64743274,0.26621076,-9.772838,0.76887566,0.08984932,0.14259815,-0.32191166,-0.10626669,0.8668715,-0.1014264,0.9482765,-34.75824,11.811068,-0.9992663,-0.01533677,0.03509434,0.03415482,0.057738356,0.99774736,-0.017328512,0.99821395,-0.05717217
0.18323277,-9.785661,0.48454022,0.28985986,-9.777139,0.7028133,-0.22100249,-0.021184921,-0.09600872,-0.12757197,0.7912378,-0.15149379,1.360775,-34.833237,10.892317,-0.99691665,-0.014851769,0.07704917,0.07620708,0.050734334,0.9958004,-0.018698437,0.99860173,-0.049446095
-0.07308344,-9.998858,0.5540091,0.3162779,-9.779557,0.6562222,-0.1517157,-0.27987862,-0.20641145,-0.048742466,0.74010515,-0.12592746,1.5295258,-34.75824,10.911066,-0.9807041,0.017954351,0.19467151,0.19536145,0.05283277,0.9793071,0.00729779,0.99844193,-0.055320907
-0.23837146,-9.689841,0.8510484,0.31107756,-9.780178,0.6494039,-0.60221994,-0.047441483,0.18973005,-0.040220357,0.5409008,-0.14084116,2.1482735,-34.814484,10.461065,-0.92515254,0.05573701,0.37548143,0.37880436,0.071720555,0.92269367,0.02449845,0.99586624,-0.08746587
-0.5905068,-9.622768,1.0522686,0.30749047,-9.779282,0.66444856,-0.6393987,-0.0023107529,0.23944134,-0.012523505,0.33104396,-0.08012113,1.8857727,-34.589478,10.573565,-0.85616183,0.107798554,0.5053379,0.51310766,0.0621261,0.8560729,0.060888752,0.9922297,-0.10850226
-0.8875461,-9.562881,1.3037939,0.25958106,-9.778919,0.68973905,-1.0395927,0.15004253,0.4951586,-0.077504575,0.11586072,-0.03111901,1.8482704,-34.626984,10.761065,-0.7569549,0.15674622,0.6343895,0.647019,0.04373297,0.76121885,0.09157442,0.98667026,-0.13452165
-0.96180594,-9.534136,0.9899862,0.19211958,-9.782385,0.66213477,-1.1018893,0.112184525,0.3865189,-0.17976987,-0.25485098,-0.022596901,1.3795242,-34.608246,10.667315,-0.7993184,0.14128217,0.58406293,0.59255564,0.023829162,0.805177,0.09983941,0.9896825,-0.10276464
-1.3690373,-9.316147,1.5529237,0.17153968,-9.789956,0.54562485,-1.3357494,0.25581837,0.5182529,-0.2660562,-0.5893437,0.082864195,1.3982735,-34.589493,10.517315,-0.57727903,0.21609172,0.7874345,0.80384684,-0.019024342,0.5945319,0.14345387,0.9761877,-0.16272232
-1.2013538,-9.275424,0.9300992,0.14041947,-9.799242,0.35429642,-1.27332,0.39637184,0.69187236,-0.7262501,-1.1177145,0.06368945,1.548275,-34.38324,9.448565,-0.69790447,0.16038518,0.6980013,0.70469296,-0.02015379,0.709226,0.12781674,0.9868487,-0.0989569
-1.4456927,-8.290882,0.62347794,0.09437933,-9.805229,-0.13771409,-1.4671896,0.85761833,0.73575175,-1.0724608,-1.6482158,0.05303681,2.0357742,-34.720734,8.567316,-0.58507854,0.16178095,0.79467607,0.79267645,-0.092910245,0.60252106,0.17130998,0.98244315,-0.07388015
-1.1582352,-8.427424,-0.43292806,0.039379217,-9.789599,-0.57670784,-1.2689939,1.4931469,0.74033856,-1.2951008,-1.8996179,-0.038575858,2.3357735,-35.001984,6.692316,-0.76308763,0.07188099,0.6422854,0.631828,-0.12612389,0.7647785,0.13598055,0.9894068,0.05082715
-2.2098503,-5.972059,-2.5888588,-0.029620577,-9.706886,-1.3949506,-1.251205,1.4361658,0.34572566,-1.6317241,-2.4237275,-0.51368344,2.298275,-35.32074,4.798567,-0.79417443,0.03077702,0.60691005,0.5156901,-0.49421197,0.69987017,0.32148212,0.86879647,0.3766191
0.21916495,-6.597279,1.3564944,0.044560485,-9.587828,-2.0596087,-0.18632266,3.3283787,1.4368491,-2.7577074,-2.9382498,-0.819414,2.8420258,-34.889496,1.7048168,0.9517291,0.09183689,0.2928784,0.30521148,-0.1820526,-0.9347207,-0.032522567,0.9789907,-0.2012944
0.56650937,-6.0247593,-8.060132,0.0025513258,-8.920764,-4.0731244,0.90177596,1.4708734,-0.8368323,-4.230967,-2.308679,-0.9419193,3.9295235,-33.858246,-4.3326836,-0.99498755,-0.099887155,0.0047302335,0.082707584,-0.7954285,0.60037726,-0.056207415,0.5977591,0.7997029
0.74856573,-5.4330764,-8.129601,-0.0400928,-8.122174,-5.495367,-0.44113117,3.870335,-3.1205683,-3.8666468,-1.8325063,-1.5576417,4.7920265,-32.09575,-9.132685,-0.9639819,-0.19529982,0.18054566,0.25691688,-0.8593428,0.44218028,0.068792924,0.47263905,0.87856686
2.5787113,-5.8307257,-12.752874,0.16967751,-6.577355,-7.271863,1.3157187,0.11010647,-3.4190679,-3.2583814,-0.41677102,-1.918766,6.1982727,-26.789505,-17.776434,-0.9812293,-0.13690369,-0.13581717,0.066911265,-0.9022282,0.42603648,-0.18086405,0.40895182,0.8944532
3.4650383,-4.4940486,-7.760697,0.70739824,-5.369071,-8.175759,4.047076,1.181479,-1.9996147,-1.7350546,-0.52116686,-0.45615914,7.6795235,-21.952011,-22.351435,-0.83964986,0.21437415,-0.49903086,-0.40631488,-0.85763705,0.31522503,-0.36041123,0.46744233,0.8072183
0.18083729,-4.5419583,-9.724989,0.65244156,-4.7291017,-8.566232,0.98717904,-0.74002886,0.831161,-2.437063,0.4791156,-0.78426033,9.629524,-14.845779,-26.663935,-0.23134053,-0.88311714,0.40814915,0.972727,-0.20270155,0.1127577,-0.016845778,0.42310312,0.9059249
4.303456,-1.8949546,-8.021804,1.126782,-3.5990634,-9.052485,2.3107572,1.0170226,-2.6353188,-2.101505,-0.1749562,-0.41248333,10.923279,-10.402023,-28.557686,-0.5661518,0.6809143,-0.46457267,-0.6821084,-0.70343703,-0.19976082,-0.46281767,0.203794,0.8627096
0.8395939,-1.4781413,-10.973034,1.1414037,-2.7712746,-9.337432,1.1255499,1.1718132,-0.20809937,-2.3049705,-0.2772215,-0.015140058,11.598274,-4.1957703,-30.751434,-0.0057186056,-0.9910903,0.13306896,0.99712086,0.004410459,0.07569988,-0.07561231,0.13311873,0.9882116
2.2385533,-0.40736237,-9.626775,0.9838056,-1.5734606,-9.629473,0.3345427,0.60371435,-1.7257481,-1.647703,-0.23780675,-0.13231903,10.623276,2.516739,-32.832684,0.46989253,-0.87054855,0.14610377,0.85322315,0.49035645,0.17765376,-0.22629914,0.04118095,0.9731869
0.494645,1.0730433,-25.932798,0.92968965,-0.88663876,-9.7221365,1.0902407,1.0074412,0.827137,-1.303623,-1.2721777,-0.0023568952,9.29203,6.454239,-33.507683,0.71506226,-0.6961056,0.064210564,0.6799378,0.71389854,0.16743256,-0.16239057,-0.076065496,0.98379034
0.52099526,0.2921174,-9.5165825,0.5548622,-0.28629005,-9.786754,-0.2997167,0.4621635,-0.58979225,0.11424285,-0.02688459,-0.15575483,7.6232796,11.329239,-34.782684,0.8730272,-0.4865633,0.03285943,0.48460105,0.8731081,0.053330585,-0.05463853,-0.030635336,0.9980361
0.5736958,0.10287458,-9.897464,0.5276236,-0.3524058,-9.786103,0.17545557,0.4440801,-0.20421028,0.09187232,-0.24419834,-0.015140058,7.1545258,12.979233,-35.213936,0.9255937,-0.3752349,0.049750835,0.37406972,0.92687166,0.03131648,-0.05786367,-0.010376058,0.9982705
0.7078426,0.1891118,-9.75613,0.48138663,-0.3787493,-9.787502,0.005903542,0.53257215,0.18731022,0.19094181,-0.007709845,-0.010879003,6.5545235,13.71048,-35.495186,0.954413,-0.29163635,0.063593075,0.28958818,0.95633394,0.03954815,-0.07234989,-0.019329464,0.99719197
-0.15213424,0.0022644736,-9.166842,0.059699122,-0.5212723,-9.792604,0.5022634,0.51900953,-0.99530125,-0.037024565,-0.12808461,0.0019041589,5.879524,13.635483,-35.663937,0.8952565,-0.44529966,-0.014967809,0.44524205,0.8953816,-0.007168116,0.016593859,-2.4699472E-4,0.9998623
0.1568825,0.014241867,-9.952559,0.025887901,-0.50425977,-9.793643,0.07600887,0.50198066,-0.30364132,-0.022110876,0.0050733173,-2.263682E-4,5.035774,13.635483,-35.551437,0.9496854,-0.31286868,0.014522212,0.31280872,0.94979537,0.0062899473,-0.015761057,-0.0014307961,0.9998748
0.13053223,0.035801172,-9.514187,0.0287335,-0.46306598,-9.795669,0.104316115,0.47294784,-0.22719383,-0.011458241,0.004008054,-0.0012916317,3.948269,14.74173,-35.55143,0.9729935,-0.23049474,0.012481891,0.23042445,0.97306633,0.006822941,-0.013718359,-0.0037625444,0.99989885
0.14250962,0.021428302,-9.796853,0.02818903,-0.4532858,-9.796128,0.11683859,0.46076673,-0.27566147,-0.012523505,0.0029427903,-2.263682E-4,3.948269,14.891731,-35.907684,0.9741917,-0.22530736,0.013678242,0.22525306,0.9742853,0.0054076556,-0.014544896,-0.0021870271,0.9998918
0.12574129,0.03340569,-9.792063,0.029974125,-0.44508773,-9.796498,0.09111134,0.48846415,0.31719494,0.0034554482,-0.009840372,8.388953E-4,3.760769,14.385483,-35.92643,0.9742043,-0.22536206,0.011741073,0.22530213,0.9742691,0.006216863,-0.012840011,-0.0034112062,0.9999118
0.12813675,0.035801172,-9.526164,0.03783562,-0.39744103,-9.79852,0.083279796,0.42432162,0.20325089,0.0034554482,-0.005579318,-2.263682E-4,3.5357704,13.972984,-36.20768,0.9765018,-0.2151564,0.012326359,0.2150891,0.97657233,0.006563319,-0.013449722,-0.0037578274,0.9999025
0.12813675,0.038196653,-9.418368,0.040746022,-0.37032595,-9.799571,0.07673769,0.37755468,-0.062402725,-0.002936133,0.0018775269,-2.263682E-4,3.385769,13.747978,-35.963932,0.97799474,-0.20825735,0.012461007,0.20818584,0.9780657,0.0067989584,-0.013603614,-0.00405514,0.99989927
0.1113684,0.035801172,-10.041192,0.048256226,-0.3300123,-9.800978,0.068151385,0.37369773,-0.034317017,-0.002936133,-0.0034487909,-2.263682E-4,3.6295166,14.066727,-35.757683,0.9740943,-0.22592138,0.0099983215,0.2258704,0.97413903,0.0059783882,-0.011090401,-0.0035651885,0.9999321
0.116159365,0.02382378,-9.962142,0.054471187,-0.29385436,-9.802095,0.06439103,0.3136245,0.24696922,0.0034554482,-0.0087751085,-2.263682E-4,3.5545158,14.347977,-35.64518,0.9765711,-0.21492018,0.010872928,0.21487896,0.9766287,0.0048410464,-0.011659253,-0.002391262,0.9999292
0.13053223,0.04538309,-9.463882,0.057401616,-0.27191868,-9.802712,0.06380324,0.30172318,-0.15259075,-0.0061319238,0.0050733173,8.388953E-4,3.573269,14.216728,-35.87018,0.9767337,-0.21409456,0.0124451,0.21401206,0.9768012,0.007635949,-0.013791203,-0.0047948873,0.99989337
0.12574129,0.03340569,-9.70343,0.06357608,-0.24167743,-9.803466,0.07205121,0.28111356,-0.28222275,-0.008262451,0.0050733173,8.388953E-4,3.6295166,14.17923,-35.75768,0.9754885,-0.2197295,0.01188435,0.21966884,0.97555476,0.0062050764,-0.012957272,-0.0034423587,0.99991006
0.11376388,0.035801172,-9.873508,0.0684913,-0.21444178,-9.804066,0.057500497,0.25914574,0.28819942,0.0045207115,-0.0087751085,-2.263682E-4,3.1795158,13.972984,-35.98268,0.98057455,-0.19586106,0.0105881225,0.1958084,0.9806251,0.00581186,-0.011521294,-0.0036257186,0.9999271
0.118554845,0.038196653,-9.607611,0.07242491,-0.19653136,-9.804413,0.044144206,0.22882515,0.22517395,0.0045207115,-0.005579318,-2.263682E-4,3.3295174,14.179237,-35.77643,0.97942114,-0.20151134,0.011284603,0.20144954,0.9794781,0.006379901,-0.012338644,-0.0039753322,0.999916
0.13053223,0.057360478,-9.497418,0.07614603,-0.17372526,-9.804815,0.05018372,0.21957321,-0.2407589,-0.0018708694,0.0018775269,-2.263682E-4,3.292019,14.047989,-35.83268,0.9800515,-0.19836417,0.01227176,0.19826771,0.98010975,0.008644443,-0.013742422,-0.0060389056,0.99988735
0.12334581,0.042987607,-9.962142,0.078827254,-0.15939872,-9.8050375,0.04978233,0.21580309,-0.02667427,-0.0018708694,-0.0013182637,8.388953E-4,3.854519,14.47924,-35.49518,0.9726847,-0.2318677,0.01104272,0.23180014,0.9727378,0.0070674806,-0.01238039,-0.0043147258,0.99991405
0.118554845,0.035801172,-9.909441,0.083869405,-0.14046212,-9.805285,0.044798195,0.16339685,0.16675377,0.0034554482,-0.005579318,-2.263682E-4,4.2857666,14.479248,-35.73893,0.9656509,-0.25962603,0.010614896,0.2595674,0.96570253,0.006594344,-0.011962894,-0.0036125528,0.999922
0.12334581,0.054965,-9.557305,0.08536425,-0.12828334,-9.80544,0.031255014,0.16818434,-0.11131382,-0.002936133,0.0029427903,8.388953E-4,3.9670143,14.722992,-35.663933,0.9719843,-0.234779,0.011194114,0.23469122,0.9720319,0.008619156,-0.012904632,-0.0057505243,0.9999003
0.1113684,0.026219258,-9.720199,0.08697249,-0.11123342,-9.805634,0.015299432,0.15599567,-0.18728256,-0.0050666602,0.004008054,-2.263682E-4,3.948265,14.254242,-35.62643,0.97008073,-0.24255735,0.010460349,0.24251235,0.9701334,0.005395403,-0.011456627,-0.0026972126,0.99993074
0.116159365,0.026219258,-9.8399725,0.089737445,-0.10166085,-9.805713,0.026998177,0.12004085,0.20699787,0.0045207115,-0.005579318,-2.263682E-4,3.573265,14.272995,-35.81393,0.9761299,-0.21691202,0.010945086,0.21686697,0.9761876,0.005161198,-0.011803982,-0.002664371,0.99992675
0.118554845,0.038196653,-9.633961,0.09226172,-0.0875613,-9.805825,0.026852287,0.1348092,0.15315819,0.0034554482,-0.0034487909,-2.263682E-4,3.4982681,14.291748,-35.945183,0.9774009,-0.21109752,0.011190869,0.21103553,0.977457,0.0064724023,-0.012304902,-0.003964461,0.9999165
0.1113684,0.042987607,-9.545328,0.09411549,-0.07574997,-9.805905,0.028883792,0.113464385,-0.19827843,-0.0050666602,0.0029427903,-2.263682E-4,3.479519,14.647995,-35.945183,0.97835386,-0.20667341,0.01048401,0.20661004,0.9783996,0.006816831,-0.011666408,-0.004503171,0.99992174
0.1113684,0.04059213,-9.914232,0.09475124,-0.06869624,-9.805951,0.0148102045,0.111257166,-0.039830208,-0.0018708694,-2.5300018E-4,-2.263682E-4,3.5170212,14.554245,-35.70143,0.97735405,-0.21136875,0.0101133855,0.21131223,0.9773978,0.006375498,-0.011232383,-0.0040940368,0.99992853
0.118554845,0.035801172,-9.887881,0.09716754,-0.057973474,-9.805998,0.026805513,0.095795885,0.13508606,0.0023901847,-0.0045140544,-2.263682E-4,3.7045212,14.25425,-35.476433,0.97404045,-0.22611366,0.010859969,0.22605662,0.9740943,0.0062373145,-0.011988974,-0.0036204283,0.9999216
0.12334581,0.050174043,-9.583656,0.098070756,-0.05145059,-9.806025,0.021039762,0.08696024,-0.08471775,-0.0018708694,0.0029427903,-2.263682E-4,4.0045204,14.066742,-35.58893,0.9688148,-0.24753416,0.011173132,0.24745177,0.96886504,0.008257184,-0.01286919,-0.00523487,0.99990344
0.12095033,0.016637344,-9.717803,0.09944022,-0.04262239,-9.806054,0.017291576,0.08057369,-0.1670227,-0.0040013967,0.004008054,8.388953E-4,3.967022,13.8604965,-35.92643,0.9689072,-0.24715067,0.011636139,0.24711125,0.96897554,0.004734544,-0.01244528,-0.0017119128,0.9999211
0.10897294,0.047778565,-9.827994,0.10184845,-0.037591238,-9.806049,0.019752957,0.06836115,0.15012455,0.0034554482,-0.0045140544,-2.263682E-4,4.0232735,14.085495,-35.77643,0.9676164,-0.25224635,0.009502654,0.25218168,0.9676509,0.0075004064,-0.011087202,-0.0048611206,0.99992675
0.12095033,0.038196653,-9.665102,0.10250821,-0.02908913,-9.806071,0.01428666,0.07668736,0.14245892,0.0034554482,-0.0023835273,-2.263682E-4,3.9107742,14.291748,-35.81393,0.97128004,-0.23767476,0.011215426,0.23760997,0.9713368,0.0068122214,-0.01251305,-0.003951677,0.9999139
0.12334581,0.031010214,-9.746549,0.10368985,-0.022889096,-9.806075,0.011962421,0.06358341,-0.15200233,-0.0040013967,0.0029427903,-2.263682E-4,3.8545227,14.0479965,-35.70143,0.9713902,-0.23720841,0.011538548,0.23715152,0.97145355,0.006092067,-0.012654254,-0.0031813902,0.9999149
0.1113684,0.04538309,-9.871114,0.10432253,-0.019616246,-9.806075,0.01249712,0.06487518,-0.057634354,-0.0018708694,-2.5300018E-4,-2.263682E-4,3.7982712,14.029251,-35.42018,0.9669142,-0.25491613,0.0097369775,0.25485244,0.96695226,0.007320936,-0.011281416,-0.004597224,0.9999258
